"y","X1","X2","X3","X4","X5","X6","X7","X8","X9","X10"
3.25332935280299,0.402880198614833,-0.88272443595323,-0.206684016504534,-0.698190857044771,-0.0815586124610323,-0.674526960615216,0.754868073472595,-0.748233029251953,1.95330127020184,-0.257853984973209
-1.99633040849951,-0.68250196555112,-1.95936956817983,-1.51935832067497,0.573045654535705,-1.18172725711882,0.537705846330377,0.210220921404522,1.56687324661417,0.635005355330477,0.410061045573578
-0.134876095360453,0.598944497339072,0.44685388613067,0.576362191657073,-0.821135029860599,-0.0603963398497198,-0.547404722012399,-0.653579835301076,-0.676873287061874,0.0318480421712833,-1.3397393120534
4.88340264581135,-0.26453134988338,-0.874919212207201,0.642708079038591,-1.66759269436709,1.12198550064736,-0.522716154908594,0.25185089927799,-1.64039631966703,-0.376810296951107,1.36500902371425
-1.72558447788453,0.388520580263432,-0.323735529565712,-1.62370270993565,-1.70518462724554,0.509167777430516,0.0696782222668861,-0.415650357964597,-0.543869979042951,-0.0216536748780434,0.908833119129858
0.271636709100984,-1.74632134124223,0.84273836613708,0.282565413414799,-1.77829127294925,-0.284143702624541,0.675089744123738,-0.192023638930723,0.800526280833942,0.118189709328244,0.213459604299012
-3.62301605445565,0.764332106862672,2.88163709804301,0.886569645282255,-1.17603551755319,-0.604616229332108,1.32151861491436,0.132729411093459,-0.694628676283931,0.337506558530138,-0.910917579651128
2.10410409442928,-0.122856212942562,0.0693931352068408,0.291707439022497,0.87814416618758,-2.00421465583637,-1.615686601341,0.244478759598709,-1.21827015500706,1.79569825412537,0.999769237438222
-3.40318586302751,-1.20333668901183,-0.375609310818179,-0.759496932702127,0.757010715383877,-0.601371317841838,1.84921171893402,1.30487964912332,-0.472641433978687,1.08358238155257,-1.90060934131921
-3.37461315062183,-1.34862428212252,0.323558930986993,-0.20086696141801,-1.32961115840684,-1.54766930338865,-1.69568075777333,-0.940724065538842,1.21753734771838,-1.30335457132661,0.495263775262792
-0.78171671617426,1.42929532425837,0.736869002952508,0.38275941379697,-0.484624156226146,0.433261159339646,-0.079905698166999,1.33690041874009,1.225465622072,-0.731234944944751,-0.549336689926269
2.31854395888281,2.69154367639989,1.8753514800864,1.72889015210247,0.776900465731057,0.578746368400804,1.34005847487549,1.83593170616585,-0.532487614652709,-0.675309478436804,-0.657337469634312
0.211580539459681,0.479924006083575,0.565348646458238,-0.132799736765377,0.710931781635283,1.21263042455584,1.33261389910799,-0.703934769978512,-1.60106275812488,0.209466003382888,0.944090244320368
0.190686077417667,1.55974460921562,-0.394722155770409,-0.976467270700257,0.42945109831889,-0.507259798665011,-1.66474521935633,-0.489700073207826,-2.81050337306495,0.883079431335822,-0.916503543866541
1.29713181516737,-1.65015094787097,-1.16492376964671,-1.12730944667341,-0.61093668222439,-0.199783127056796,-2.53459037871908,-0.862239418738147,0.123511378467974,0.0490746865992367,0.133554560754096
0.16040960157545,0.628408053931615,0.453277378052772,0.0356780470280075,-0.616229500745405,0.122378848456655,-1.61018552654209,0.678578786886658,-0.156014160019648,1.46960499602269,-1.13256819591346
0.942107023549499,-0.189359474135056,0.281977018396581,-0.0398268745144157,-0.339985681345372,2.39454270043703,0.5909427105911,-1.36870654517632,0.520191673796121,1.27305093152997,-0.342047623838268
-2.40648713178889,-1.45340488165526,-1.58140296793665,-1.96853803225294,-0.795600052662682,-1.0347831451628,-1.78361240249866,1.10793126486612,-0.895101962004635,-1.18129548488433,-0.998091210780227
3.81471599977571,2.61490663823777,0.701699970848927,1.38273512635177,0.092252947986411,2.41785928564757,0.431499067130347,-0.751664609851581,1.34434630576748,-1.20204642560979,0.618073107523146
3.58698648619714,-0.165189623560012,-1.62245245630269,-0.775514979192568,2.26996901856997,2.93356992238217,1.77396242931393,-0.860862570436002,-0.345904386996657,1.99689516035174,0.245516201454185
-2.44107497367143,1.36998943936431,1.30125751325742,-0.829956343681825,-2.34955312449952,-1.9240505300014,-2.99861377707723,0.550004482125283,-0.0294836190264545,-0.171335350315672,1.00719557692499
-4.81448739937292,2.05278716075859,1.86460383051996,-1.86993656857925,0.743772644895767,0.664265936847354,2.52158870107227,-0.49739803131194,1.30841030134337,-0.524467204471823,-0.0603442546090456
6.60049836179131,1.42389215625171,1.92506952973237,2.55293642096415,-0.289223233918793,2.0677565417728,1.2556065704054,0.290913908826882,1.97790329440036,1.39812068318121,1.22399612575605
-2.95227889903532,-3.24249476510543,-2.20438626621894,-2.62732967063998,-0.479589405397584,-0.331704512919399,-0.176961842456808,1.74264295355076,-2.31286660100226,0.648173132558533,-0.0230371249369626
0.668674310290685,-0.853539642462739,2.22706105854177,4.07490317980403,-2.99086274149479,-1.75023738559639,-1.42501065366943,0.171098040885632,0.12994803764241,-1.1639804384544,-2.03966604663038
-0.589043661190533,1.56333466277727,-0.40435176595982,-0.404708319352542,1.49771979533084,-0.474824469459677,2.16406464206123,1.66623092387058,-2.50608663050923,-0.597802105820324,-1.37695318912014
-0.847661728997937,-0.653182504289189,-0.129825966192236,0.0489206442063049,2.66732740990786,-0.745384127380611,0.350199234369322,0.280513906436464,-0.671374718053876,-0.855377217728272,-0.290606660617095
3.61808918490577,0.90192677858763,0.764586873428072,1.15775778896854,1.33707394053978,-0.877776823479977,-0.750333713424133,1.33259510479393,-0.244750179659405,0.14884757448026,0.711085675532915
-3.01267872841315,1.21702031839623,-0.575230348182486,-1.54406612616994,-0.501791631091844,-0.765811279099693,-0.616371153686872,0.808199641246076,-0.816734827458565,0.291300372330968,1.45710476343204
-3.47690334100194,-0.347667639282881,-0.848930401507548,-0.419108015128664,-0.757290929677416,-1.3937483706357,0.543488264224412,0.394439997987379,0.491471631190049,-0.12748953065418,0.571763475378945
-0.0693337568364916,1.41555054776165,-0.030972525005277,-1.39481547667669,0.876670722889329,0.524109462276048,-0.620357703897666,-1.19649879784075,-0.112294397550244,0.801749811795501,0.541355562614275
2.24542360087208,4.56369303503205,1.66489645723862,1.13207908911654,0.585239470148183,0.253622731387629,2.38287914923111,-1.0292934931276,0.226429332166581,-0.314966208867851,1.4303151406204
-4.5473987345338,0.535462827051264,-0.936877131483614,-0.667423792676323,-0.490003586773082,-1.00408450415776,-1.10923609157463,-2.96997898422175,-0.59350335806727,-2.43031902608949,-1.77328798910173
-0.447076032753412,-0.312792445748878,-4.05831845595512,-1.9917329033711,-1.25337611898954,-1.36050945344346,-2.20533152120645,0.148736080673728,0.0417069667874414,-1.36438118365587,0.819141513531169
-4.32885387456691,-0.0240481360269649,-0.0174096461662704,0.125323436418518,-0.515262209096409,-2.75442446743614,-1.6056516625886,-0.289151645795387,-0.994080566476418,0.267498225489488,-1.17440117127908
1.17656546382345,1.8554637002628,2.51140261127989,2.13173008140424,-0.622268543626487,0.00660536687463024,0.967485568678651,0.417479874819017,-1.22346015733335,-1.77871548845119,1.21380691275284
2.45959427309705,-0.786493671029872,-0.447613443736552,0.404694409651853,0.0830430925424122,2.81664706438672,1.12249402267263,-0.0779511093124028,1.36473595600702,-0.411255871614469,-0.958635811198239
-2.30667227492801,-2.85018947695559,-1.49987847699891,-2.44272038209197,0.375875716750007,-0.974639512015373,-0.415480914996196,0.679945791706844,-0.53470020971453,2.62886074134743,0.0703430070833923
4.01361750872447,2.29435139356025,-0.429578565416873,0.368819553024252,2.08629331932332,-0.273700186694785,-0.0292846063191653,0.15098857826032,0.567579457623272,1.39529478658383,-1.15705292973031
-2.05665834220944,0.436460470082887,0.884073179975788,-0.101657358262738,-1.52287602371065,-0.349262776165133,-2.01840584119997,-0.838140625939559,1.7349226354558,-0.748211955050587,0.531391547892095
7.9065909799021,2.75835200549708,0.115977092229666,2.04286204030645,0.252072512888298,2.9603844607973,1.56560213975011,1.83286889219051,-0.956901203204413,0.465594501550865,-0.329079735747822
-3.63842697060364,-3.66917451741181,-1.12453545834418,-0.724560195067322,-1.2955807207692,0.103407688642513,-0.135045949651569,-1.20977207624095,0.536674763738936,1.33156784073214,-0.229793206664284
0.9674222215409,-0.880854490672213,-0.691454157085034,0.905477013581084,0.496574970284603,-0.275646824564984,0.439737094589778,0.377401902245773,0.725042624185564,0.389092754593691,0.00767687340737969
-1.94945131323331,1.89219876418419,2.54838721831787,0.539956008843044,0.795884577267878,-0.756794916873941,0.408221015918138,-1.07929478029014,0.0611383686094142,0.895789395960606,-0.258654597457317
0.424611284935397,-0.653254651465432,-0.861108849004205,-1.46609107163058,1.33375813043587,1.11276941962497,1.01985071885595,0.0131917858307359,0.00446255689178777,1.37665141436595,0.656339682105887
-1.12222613658275,3.20276640166685,2.0994066837454,1.96632904907809,-0.807318984817991,-3.56798486681044,-0.488724432135724,-0.0962640211149256,0.488527825024903,-1.26397861212018,0.0864034955305894
-0.609421252010878,-2.48139295558043,-0.965901114491587,-0.281885037276644,0.529094830047323,-0.512046959478807,-1.28665864226428,-0.500069378562987,0.567560766788254,-0.143482003390897,0.814554847894138
-0.731104255093923,1.18677321859222,-0.0558968600273154,0.196007127934691,0.981870505268592,-0.663123126373493,0.136645172608776,1.12009717844574,-0.0691017860751925,-1.08289009953863,0.544850476651681
4.08872760334307,0.947468475124466,1.33636584542821,-0.00325313486167239,2.27910026251482,0.452877232198183,-1.75979310333624,-0.723007719260849,-0.0628337353307094,0.739338349496384,1.26776767371202
-3.69032795723875,-0.177138732039593,1.88553003067426,-0.637360204506127,0.538910457243336,-0.977642179583384,-0.742260849543417,0.00959022762093077,0.695446456420932,0.239992723690089,-0.650150061398748
-2.48435751065224,-0.763813808793885,-0.651713357998924,-0.406965610808436,0.702210269041949,-1.45196770390548,-0.281122712349213,-0.628588184977706,-1.66800973564516,-1.09169035716684,1.12938859584775
-0.492124770593723,1.76846873549205,-0.893148692955114,0.655648068038272,-1.12547334375339,-1.53380629406409,-0.179218906294918,-0.504443449644127,0.809997113078534,-1.4527680973857,-1.11177815300133
0.152208550348806,1.79506090773209,1.55108657180742,1.15427012621249,-0.158512267166429,-0.221461821778756,1.65975206936908,-0.0859780511556318,0.385430689674264,-0.78169145663251,-0.852194906755242
-1.59118720631541,0.664725614147921,0.712927585308925,-0.0458696289935475,0.530764595692532,-0.127040025320378,1.39445726561509,-0.203284545542161,-0.691960211958121,-0.79847980630272,-0.695015043045522
7.22461859813283,0.192586596659677,-0.11428177885054,2.97769197173308,0.681534086904448,1.20297764763391,0.226976380775572,3.04968620858383,-0.443428572427364,-0.718460168273473,-0.865996966090827
0.503488489498894,0.521729732574183,0.427512947317138,0.889187090153357,2.12169454474447,1.74119941712284,2.63839748688032,-0.986570999217687,1.3851379866227,-0.251103709532607,0.831441252537753
2.53611237655335,1.24172707457443,-1.5997547280442,0.238235846069142,-0.153424348293156,-0.804408833307882,-1.44407359303708,1.17333057390589,0.822843884523137,0.90160984079657,-1.13411110951539
4.77845344334203,1.24061764753818,-0.206144206913807,1.60227060169122,0.802322273412918,-1.4126241035271,-0.961798790499648,0.319239739006528,0.593420078233661,-0.537177192425327,0.567419197266663
4.30500743972367,1.34552358688505,-1.56498074936536,-0.245742469650962,0.888145654741292,2.42181535179981,1.0007630001237,-0.527329799622639,-0.421320112079562,1.26444164985164,-0.469468491823083
-1.7553776072822,-3.63035544779904,-0.81910205065172,-1.33716540815369,-0.174244732974474,0.418843106432936,0.257712623225856,0.28386198149986,-0.0162768150919803,0.337677623309874,0.275324307767121
5.38092130572833,0.820007051890222,1.19269723979985,2.79787810613384,1.27058827447129,1.02488630679365,1.26004589634167,-0.174622555835959,1.09881034379512,-0.0547499909125068,0.0322129445655805
-3.10990515306363,-1.73095475363177,-0.378629511969887,-0.576129751346449,-1.07703471616765,-1.80776110688505,0.511892050125391,-0.67061665808359,1.28105152794283,0.418238648831697,0.758938467022134
1.20719576182304,0.477990797141007,-0.5158384745658,0.0234455665764409,0.489837784435132,-0.828439262871333,-0.569345561203221,0.50742575021907,-1.02245059221455,-0.925218987665744,0.279070463578489
2.93043895987044,1.20484586160009,0.814372553406082,1.52526116826616,1.44725807735029,0.516746869492926,-0.0406239043718329,1.24743430271033,-1.16177585668865,-0.541994400470456,-0.242493779303844
1.0321254681684,-2.01996179009857,-1.55055068502789,0.188373519895941,-0.966915933547923,-0.471975873874862,-2.16629539379744,-1.24827554221187,-1.73762062898982,-0.0856552702315856,0.0406032025983284
6.07720898789968,-1.25189236982837,0.618694723761606,2.67355293118323,3.20394476685341,2.40650102310333,1.74087885499297,-1.934718658188,0.463883493261949,-0.0203971465329966,-0.641448576666786
-7.56335127309421,-0.249711575847342,0.056954623871927,-1.83008693643298,-1.82224074667652,-1.04789505701914,-0.581035096860771,-0.763862515785294,0.0306039253733962,-0.559597804023691,-0.960519926700459
-4.07228094094977,1.32386480371917,0.0743346834658063,-2.55682177950357,1.39136429869591,0.403846124738979,1.16230580093718,1.42708874091173,0.516910552322474,0.554836578075976,0.871654759463876
-1.4083908645966,0.0541969699658326,-0.791730675161543,-2.11825937556704,1.93973110231698,1.91968720906048,1.31490650827213,-0.263336917809388,0.431947946799889,1.18062940865942,-0.740468478172525
-4.66057648005273,-2.13480233669893,0.831727260454897,-0.26962123848893,0.476751843106639,-2.2939738196782,-0.298676514133915,0.586125356437918,0.11777075263052,-0.969743115549175,-0.302527821302559
3.08421972682395,1.71958163915514,0.746907861006948,1.19374347718346,0.440930072470011,-1.11159394213552,-2.49698381705909,1.02132214090712,1.38680083405629,-0.286564684337434,-1.2076696773111
5.05485362579557,0.0446575912493421,0.741499635803572,0.796097287066599,1.63179233785464,-0.0628905750618945,-0.169569098912182,1.74773162170613,1.31080356527265,0.850792818658572,-1.01986021220989
-0.194180211641369,-1.18921416753796,1.18043237125305,0.237505719178823,1.01552732742764,1.79985205494615,-0.112305093567772,1.02140376593611,-0.245845863322459,-0.171405773504695,-2.10527986711263
-1.16269025579484,1.87491714393898,1.27519131203249,0.70212318226279,-1.49412488940222,-2.03064565179215,0.305030492862841,0.0665360131509387,0.424737454835527,0.511891811345361,1.242410097666
3.55809673506357,1.77577909615917,2.5356697911685,1.77172371291833,1.33587178316454,0.0210000608582016,0.254783529825705,-0.309739573142118,0.178541197772161,0.70584925789929,1.60923356300077
7.29673088725582,0.564019167315895,-0.694314162708206,1.73992224726383,1.76497033387474,1.75017642351891,-0.264998463034493,-2.13237583442794,0.109110586261049,1.356734587335,0.390033209866182
-0.699126424373265,2.10855270522874,0.707198313839629,0.194834548568329,-1.94462069222284,0.73204964993953,-1.76828583674703,-0.322380915167478,-0.345157013778931,-0.891784301890928,-1.4505867915012
3.61720309415592,0.108005135142671,-0.486810810264134,2.1355790119674,0.227637465999385,0.50498827173334,0.718516390017653,0.505349791218643,-1.11218414129778,-0.648968984054553,-0.810521618269909
4.107947165853,1.46279061453985,3.2544021873449,1.66376763841779,1.48576000384819,1.26599973684606,-0.831774598956343,-1.02755740587754,0.564665808615042,0.14253646336494,1.56044024117847
-2.1651307972525,0.705328179239701,-1.08678415721207,-1.04230713588893,2.71490296581537,-0.122686474610245,1.64605725088277,1.16087863995159,0.207867314188783,-0.731715647431931,-3.1417160221036
-0.535329660228048,0.409841035747966,0.144773658536282,-0.122698096789583,-1.45131305774376,0.262639998811524,-0.43110507595668,0.678678000535035,-0.315336038929998,-0.607841111552146,0.313479713939763
-3.56194655907435,0.323154433054013,-0.114852345742462,-0.654775543715765,-0.628692899445342,-1.81189469504716,-0.0982156687498128,-0.574900472450726,1.63054735753534,1.0762231379778,-1.70669518535218
-7.14806705728198,-2.73728991101129,-1.41324666150004,-3.06354800940346,-0.944734422086793,-1.02174043593081,-0.375675061881818,0.0448941847444126,-0.603987672604932,-0.576425790799455,-0.535684529519175
1.29200316722427,2.0385728005316,0.0364049277168437,0.0803173463347556,2.3899495230582,0.611968987522652,4.01650169162643,0.329923093593966,0.00806566610715348,1.09862636353976,0.434845410563609
2.49915774871034,1.80276386805688,-1.35440324509315,0.0285986951631085,1.19498453294238,0.631311209797089,0.647558620237934,-0.316728567602013,0.0362294626747062,1.4073416884128,-0.318457798906921
-3.49222082560625,1.76593753532042,0.832030517728854,-0.782784850554682,-0.206558040313861,-2.67026769387468,-0.871644118850927,0.551509487774879,-0.21764653062908,0.0366561519655857,2.35823354984916
3.07919618109946,0.492096795106194,0.295489747324133,-0.217108395762077,1.23177048057018,0.357188348010647,-1.19676698586125,-0.540184809904946,0.838158212396083,1.9239186287906,-0.747467968585997
-1.53316360954482,-0.668281567411171,0.0299534134545695,-0.647602501800111,-0.455692495580729,1.71274274398719,0.739928929965167,0.128417652074905,1.8675922417255,-1.25501875529392,0.764554834850525
-3.56251537920484,-0.131636436088591,-1.39548830364265,-1.69418732014557,0.630723328277381,-1.03465420979246,0.354397845408813,1.77590486159275,-1.34817012612782,-1.19706410656688,0.142784536490412
0.622123442575797,0.463036653704402,0.624722536429318,1.03652577295184,0.019001284534864,-2.4129254388553,-2.37443945642378,-0.871930154717011,1.93675480927368,-1.49464423164416,-0.626951776482548
-1.7908463161065,-0.72407341969744,1.66381165798643,1.07651830512319,-1.90141009077237,-1.95111407271156,-2.13037908786615,-0.745125239678063,0.909853451578939,0.712897815726032,-1.38061567709434
-7.84788569769919,-1.54986177613697,-0.210048753836845,-1.02467552885493,-0.890105997899979,-2.23662804172953,0.508118872040948,1.15617780283421,-1.87040812071915,-0.548898564429376,-1.7556612671311
-0.476651855334001,2.70108133853685,1.16337084244561,1.34893665264213,-0.915518677553816,-0.114823571553603,0.0874359848795794,0.124097652582163,0.14387479467235,0.0244372531036974,-1.93552883145705
-4.3672224873014,-0.819143476675825,0.432800144935549,-1.63457729397391,1.98862815258797,1.0573540284283,1.40170319412807,0.901342900824523,-0.306846352137055,-0.430050681991786,-2.11809084845302
-1.78729306000811,-1.39306433074236,-0.00782023718432584,0.216335933255972,-1.51856702528693,-0.144501056784544,-1.34601543920376,0.0730580356818035,1.48358230142352,-0.895087588134821,-0.517452406458751
2.30867280984863,0.741925598352906,0.421638419195391,0.630758230599972,2.20258388334408,1.89225051412435,2.94791237440739,-0.47675236506762,-0.978629949052099,1.27723799726719,-0.695725708863401
2.32370020336143,-0.873545043815681,-1.88770057580276,0.867722352794925,0.573169553188698,-0.136640750301156,-0.409474659084917,0.876341415916475,-0.864351689453781,-0.0876978322515305,-0.875135485587828
1.63593071169647,3.0922120616534,2.48429557712566,1.41003188312615,0.0788503745366873,-0.79971244105195,-2.54821141163495,-0.10098603579442,-0.864719255781193,-2.45556219289223,0.178555349297301
-5.52974499627347,-1.53331194040232,-0.43363331090982,-2.48066186496774,-0.0600570284753698,-1.16931677396893,-0.0139646803784372,-1.92078429381668,1.37093754143609,0.896467301277569,2.42586244465835
1.25542365700903,-0.291685535599416,0.863734009203707,0.458329955560959,-0.772138198110919,-3.3133586799979,-2.75967165502531,1.40296898949641,0.187687669424853,0.755326368705535,0.439381234401217
-4.58578303356633,-0.688043072656019,1.16474145310013,-0.231906389240531,-0.0845500439623469,-1.86575367119764,-2.68463170331825,-2.06679567230227,-2.77424891762585,0.269681729309377,-0.266038681840321
-0.978926416182921,-0.552447852823559,0.296124911834207,-0.746426092375915,0.00486998427512531,0.142969496841311,0.392186822108592,-0.328137917005938,0.0179625176276775,1.16017178240129,-1.81453819905451
0.130943076304085,0.636265534151026,1.1662178915423,0.458949450851395,-0.351432865318231,1.45565543885479,-0.337454354517458,-1.54888381544066,-1.56251323388557,0.230170318589479,0.202415689475887
3.39015594158182,-2.7054297166118,-0.847886167702814,-1.68802299671488,2.78409648653228,1.58842222766575,-0.266336472033406,0.236518356094544,0.654968765269946,2.22542067326755,-0.707904100576263
-0.552842705276408,-0.658394930814888,-0.895026952050486,-0.0681146771377258,-0.3333424514328,-0.262953721443605,-0.572087126345046,-0.176512557406408,2.35021978430152,-0.866470565869161,0.901679003158067
-1.67353519323288,-0.0189720505187523,0.375012569540077,0.718457754029142,-0.455272508300758,-2.16515276209029,0.138108178510097,0.888191791487953,-0.560182619980149,0.747952334850916,0.265834749522249
-5.3399764616419,-0.275631879657495,-1.1470515060577,-1.53948862794829,-2.42233051042211,-1.92714850699756,-1.89597107029253,-2.15605172171831,0.101989478488531,-0.320562030631306,-0.0619568911718991
0.905699862183462,1.1769005299085,0.166109296841656,-0.355670335253489,-0.660371460793271,-0.483393351007566,-2.76934544736944,0.674902938795879,0.19535999999379,-0.830560575606642,-0.0253184967587032
0.721977364574753,-1.02299015180353,-3.15681230308981,0.226684250520315,0.854428059710179,0.0699226353676989,3.21414297652001,1.26647457336318,0.25764373558585,0.244342456597531,-0.65019009824906
-8.9058327501204,1.06204963347134,1.51982612651339,-1.81470127873475,-0.0578904696502923,-0.97444776722421,1.18733547520937,0.359137850595693,-0.478839921873459,-1.16486296972236,-0.457658615770109
1.41941318099798,-2.35834313325702,-0.835230583672972,-1.65508156732598,1.62525274581626,3.18540914008449,0.748642441147436,1.04003821930987,0.132821752018746,-0.0262460567952989,-0.3577304258222
-4.99324467107628,-2.09952578536022,-0.86217499855447,-2.0883259838412,-0.598751634296731,-1.38041331456881,-2.61040589433021,0.567361013512891,-0.529236442846417,-1.29471883836515,0.482235442794566
0.552642434959472,1.27031695083011,-1.45728481901842,0.809936022770345,0.194523957441684,-0.900015415031776,1.38846748741466,-0.734184199619729,0.44261124986252,0.190466283417043,0.0866016018159454
1.51044513561317,0.0846871283778738,-2.31772404000026,-0.521443820739043,-0.18360046697255,-0.419550708505485,-1.85136295504672,-1.44193225504807,0.689452507772513,0.502807418944925,-1.0203198595322
1.69694653642061,-0.38378327687443,0.754707851620127,0.728885347080512,1.88153460800803,1.76854865757082,2.96902576207273,-1.08636360380745,-0.764094429266276,0.815673174482617,-2.11373494734868
0.760612656827104,-0.822870299614066,-0.678101293898997,1.36402800460832,-2.1269060038028,-0.172025103015787,0.711434754971269,-1.00530536019033,0.0873659964884403,-1.16045763119574,0.475404836767239
-2.51673956755993,-1.67437762842008,-1.27163027007436,-1.84853443098174,-0.334639810477576,0.10155332833822,-0.422898019955821,-0.429018599878844,1.40971153109392,0.438592411762408,0.855625574224684
-4.77173970375365,-0.508599493691768,-1.10920246260685,-1.33538915068274,-1.77051028753236,-0.910729259484826,0.22967052965402,0.0180384236735153,-1.14109138661949,-0.475260266405942,0.501315382197311
1.61557577511027,1.93662176943506,0.229667632973718,0.800321624271468,0.432793026417142,0.521173524813568,1.53946761576934,-0.6674291868758,-1.64711747706384,0.0401675945935811,-0.0373646625571663
2.9435312078517,1.47547416929062,0.625336748137862,1.10275412821486,0.987670430326675,-1.06715030429556,-2.22969404011947,0.968218245087137,-3.12612546259103,0.915386234365251,0.000776485444794585
-1.31798212688371,1.85092986126915,-0.0697571771079905,-1.33056283808803,0.10511273628613,-1.60848867134937,-1.42249840799056,1.3910529261483,1.18721018660245,0.345929338680152,0.144248617043961
-0.534188631220296,1.64188512171515,-1.49240065975971,0.531995697784376,-1.50443948428328,0.0889451136514946,-0.314509956158835,-0.194148446293093,-0.356714023222837,-1.64719362479294,-0.449005965773432
-5.43415330588568,-0.401195876601724,-0.434747240859563,-1.18817918040702,-2.29017943931558,-2.91407759474063,-1.520734554655,-0.489157720389873,1.21223846954799,-0.0833195772992678,0.559679019498717
2.20413437663076,2.4041007337903,0.683523032778036,0.210788402098969,1.28969939597925,2.0584538555349,0.873156787879228,-0.524053526905322,-0.693952721340296,-0.353602827073967,-2.6535399165163
-2.66801797399115,0.00317708623647095,0.442276992786393,0.291463182429443,-2.4438734280428,-0.89523395252017,0.573551819610001,-0.535994038481839,1.35606159063857,0.910934321819268,0.0481704153088254
-1.46501078694874,0.0929156487141443,1.90216691395841,-0.0699650379789656,1.92248327267893,1.29951762289509,1.94524078318507,-1.13589545603572,0.905731335785151,-0.989094636995573,1.28442555907957
-1.79026851430692,-0.780884312193683,1.37473896264897,1.141176758571,-3.40825543732003,-1.24084892160037,-2.41078457151779,-1.11788811558436,-0.941588752255799,-0.628349119790917,-0.461560919296712
-2.27810353374859,2.05211777914723,2.56314966101397,0.509801612708132,0.0380871669813571,-2.36861128925534,-1.28231408044314,-1.24831579704395,-0.638584393153946,0.749104926189909,0.100318788613909
1.87620404202772,-2.90435486152131,-0.108190446895543,0.166501463995599,1.05126448745684,3.14597396241366,1.30641362271229,-0.914279306481067,0.483487551708313,-1.44770743439239,-1.11349388026224
-3.48959723253476,-0.983683995126277,-0.0651704650415862,0.234033794929341,-1.35909786419418,-2.25607268653459,-0.790312995662081,0.73318039839875,0.758747936935796,-0.64893548138727,-0.0261637647844682
2.03737322255591,2.1195672244928,0.331348841772625,0.0190812259536332,-0.11627267834925,-0.864105604766092,-0.321035000195444,1.7687343427316,0.426489352834208,1.10949564973078,-0.781000859312611
-3.12895131874418,1.30734663107532,2.12512362958926,0.652553942610244,0.823954832310263,-0.991664144779782,0.214549950753079,0.0193971383191557,0.361050796373508,-2.56138782713487,1.41748027844197
-5.37674889883253,-0.822730305724723,-0.876248316189594,-2.74401382525241,-0.32706121512174,-0.0812952079278028,-0.631960805477677,-0.0211268075651293,0.505106569574291,-0.888051519150196,-0.42742062476938
2.08172748862734,-1.51840571118584,0.24795343301857,0.590547556574846,0.236999901956002,2.11367200661237,1.17940980913671,-0.20600365937507,0.662956915631954,1.13304816496594,0.498590367240442
7.68660704393321,3.95344014845241,1.96367257231994,1.36386791736337,3.07348555825107,1.40833685941935,-0.15329312498881,-1.02953158364251,-1.20638372661331,0.630442193123239,0.260709150062581
3.47745880693699,-1.2559731701602,-0.986961685100811,0.594831382277675,1.44428794673102,1.84551615654309,-1.39333373723017,-1.69915914412314,-0.0192839858629592,-0.591059539114605,-2.32042530360012
-6.71646003672658,-0.279776668233793,1.89467070321061,0.670820594128403,-2.52733218641499,-1.72742035800773,-0.35969419062665,-0.672123269347973,-0.43483755194595,-1.34633842376103,0.318639468973844
5.74400459162323,0.671804813029544,-1.96166103468514,0.0922117796574441,1.51194160809182,-0.00665338927063164,0.798329257114059,1.82496444233573,1.03413374999746,0.537050320878981,1.59617560946672
2.37102150602617,-0.863235920430757,-0.223242545846944,-0.591101837630601,1.27549365678833,0.822440153301967,-0.0512358150618417,-1.52664862429302,0.185520623831921,0.424586380819041,0.462132289239994
-1.53756007627106,0.540640738542763,3.22298959900645,0.0746570015920252,1.0207615211621,0.639383849114173,1.00433028127721,0.611491602641798,-0.974735612637433,-0.448983034596875,0.127343254732353
4.2773116658208,-0.426372361113632,0.236619492351479,2.16306120916828,-1.37528385031515,0.809083182041133,-0.476018523263724,-0.271248845751939,1.81410840962851,-0.274513011773128,0.0638690756625162
-1.01758782462205,-1.17676259717929,0.0143721840573461,0.322463164712685,-1.32523146728516,1.18796523390939,0.678649880094829,-1.33408868686067,-1.23774479497207,0.179935430347627,0.0801508291490922
2.78282157296011,-0.381269496624377,0.582125448602972,0.157309304782114,-1.67587720141633,1.52977076418013,-1.13689129985272,2.34545382222571,-0.965472808875755,0.452076350804361,-0.0368877121332972
0.574037639413516,-0.116097760366034,0.849283325872249,0.744856864511665,-0.711041903044812,-0.884437655321589,-0.168775674640741,1.23433700190233,-0.831859966522379,0.680015674039195,0.137060055240212
4.69469250582111,0.0841918121523894,0.574938060402056,0.78611711784429,-0.611819690116982,2.14812188727197,0.273705528473202,1.52505789994092,2.76099971244157,-0.62507244592418,1.60949041518306
4.05877858498592,1.04197644941237,0.351249784130366,0.437306590614672,1.00577170207238,0.650268130560734,-1.17367163490854,0.581108801673337,0.263478173689708,0.717227606640692,-0.938681250451555
1.72879666159094,-0.0382912409386518,2.41324428230854,1.64143032201411,-0.119522571975346,0.721437872906749,-1.85575207396867,-2.3611002154132,-0.639062304229786,-0.306619312087758,-0.0697493657664189
2.20104975047441,1.05752957347507,2.44991278101385,0.24259172810072,0.297512670284784,1.94718261301582,0.472887984957901,-0.0768439554879483,-0.129426375602313,0.920545040616492,0.000955443396401516
-1.73913720542033,2.02956019801748,-0.0615758769345056,1.41519964850589,-1.834852983671,-2.88687380088137,-1.5249491401483,1.38042639190707,-0.163620412882294,-2.31095503190772,-0.659232594178714
-1.11291108228492,-0.377409046480745,-0.934622609381819,0.403178211537194,0.686357955149038,-0.0942542543196241,1.82395344962501,0.00143238606411348,-0.3051041200607,0.345497801197929,-1.61214520211075
-5.97861647601954,-2.24076227302725,0.176817444037848,-1.664157103587,-0.272804526340744,-1.03370668906651,-0.5941384320909,-0.390438590067819,-0.321383804418999,-0.2558937065193,-0.247776282542158
0.148687208454093,1.80717364625689,1.75694788663446,1.04515304303708,-0.123738963085988,-1.90251895534519,-1.84288449291971,0.43182371980981,-0.85765688201553,0.974532178905808,-0.259480044894114
3.64677946358654,-2.08495219475309,-2.16067412519315,-0.502287271694323,1.30975374176107,0.163381690805587,-1.20136767789286,0.629972931337979,-0.420970725968033,0.800272024954448,0.904138670788281
1.41009199708509,-0.502592601565027,-0.0632973260460983,1.76484625502635,-0.712946989227652,-0.343501671724002,0.132611147941913,-1.59038903758595,-1.08726362114699,-0.473594106469474,-0.954055098393845
-0.424290530485825,1.08742436572602,1.45837968574802,0.831497778355134,1.20024344041117,-0.962582124599906,-0.386720405503573,0.587847118879337,1.13607807264331,-0.959342642582263,-0.2450551429354
0.219340232894193,-0.325052524843167,0.188598223833481,-0.687266322364837,-0.996771223921078,1.35833620167179,-1.11874276264344,0.295865661430514,0.0154285771257972,-0.989347601532771,-0.246843313805936
-0.956070907640563,1.24257697071151,0.183969180171633,0.0391370826189313,1.32534698697289,0.594859337800592,0.723810848994427,-0.820627980909388,-0.824193638679315,-2.07800649980206,0.461919268840523
1.82060916880897,-0.354360234504639,0.297028392532254,0.235577148085269,-0.265436335964114,0.322724194289069,-1.34615976501351,0.349401053457032,0.876678067764039,0.818046250794619,-0.744230444352698
2.23213936938686,-0.0487086458942562,-0.149610108075225,-0.24438551713066,1.45683481642421,2.19791249101567,0.935162763938387,-1.37775333231426,-0.356272676323136,0.816389424497437,-0.50316866840698
-4.01239131305496,-1.17471390467257,-1.89889470464404,-1.77458359593271,-1.03159703939605,-1.94180931474544,-1.60901991332095,-0.863762461853148,1.26775873778389,-0.905158134266286,0.850671276732819
7.92813479207974,2.26941724387942,3.38502087220873,4.3914067202907,1.79122774126924,-0.666338951181819,0.621473409953787,0.747993014653646,0.12882143113889,0.592262636758676,-1.6193600265553
6.50676211557439,1.43976137208946,1.13875408576358,2.11204589919575,1.03219246815496,0.363913592733907,-2.4223538571283,1.30712856942213,-0.316509463714991,0.714548546117131,0.151788149557843
2.38318423865252,-0.34823700064257,0.178114741697488,0.977814956604813,0.870213720345013,0.145946495888201,0.979960075961899,-0.587829568811341,-1.51211395210947,1.3815417920229,-0.221021283759817
3.58808420568683,1.53819149458409,1.0181459758669,1.66053779062645,1.65518523522841,2.05293091972531,2.43071551733224,-1.13357907426432,1.66719512048343,-0.486275989130867,0.52917823817669
0.25241019529652,0.132119861689675,0.506700797312371,0.108403052883297,-1.06656310342644,1.04041317667135,0.726447397363696,-0.781604567007212,-1.62720583370652,0.337212146169791,-2.40091229362287
3.3513528186232,-1.15614760363959,-0.0473042253722852,0.460023008370976,-0.265216496592818,0.230537254730807,-2.93924971265475,1.08319834872711,0.0322998478199625,-0.645625377377398,0.709130574717
3.72328112358825,-0.690551078706855,-1.40838706856134,-1.47913069894463,2.00190688070922,2.01871209744428,0.815634215992138,0.459888811386083,-0.308667038457376,1.43015673240866,0.413429437302669
0.900936140460733,-1.48673570828209,-0.681637282110357,0.679691133003876,-0.672835178493916,0.57599772554956,1.15408199121208,-0.489862326150678,-1.64702651754849,0.308538089223252,0.20874854491843
2.29031676132799,-0.0190831125045205,-2.98823247059955,-0.894151493230068,0.592371726234823,0.620061181037824,-0.0685570751790062,0.0755061779097776,-0.824726992755689,0.278931704829655,0.622615094964549
5.95567188500253,2.16024182588575,1.16323483411866,2.32903870561011,-0.142193425725592,3.29014863169416,2.60473002442135,1.92221888075885,-0.231764201046522,0.228292155206748,-0.243076632483999
-2.7042257966322,0.166618284520132,-1.00453140226803,-0.851948825416968,-0.695538599314064,-0.418773835841054,-2.19373822975375,0.127680156266799,-1.40929534921512,-1.99336453181168,-0.765326297189236
-3.12064540162228,1.90025770904382,0.392151569226973,-0.683757929800478,0.500889482746259,0.288638702690292,0.475596540975369,1.1239222147777,-0.489451881595667,-1.50017813870525,0.167958868004068
-1.34113243149397,-1.18488785092405,-0.0162743039107276,1.09626430705886,-0.588161123989554,-3.07415166798824,-0.259063906541083,1.22665880827998,0.622143941148231,-0.651634658085591,0.69707946167818
-3.07220527512944,1.19619601723233,0.438361103325758,0.422339194899452,-1.47985563545689,1.07789951917178,1.7363168131374,1.03137734736776,-0.446745347181586,-1.73156034235075,0.328495696214666
0.653240335252897,-0.415650781896214,0.404563386056261,1.57785657945142,-1.2221663377018,-0.935583261693678,0.313670624535246,0.0679363453343429,-0.315625655624855,0.445640798065796,-0.0547396064415493
-5.36950826259119,-0.720990952637441,-1.22186084588552,-3.01323084775686,-1.2701732769111,0.0958891835760197,-0.0821486019733788,-0.996959949480875,-0.771357974867309,1.32944320893897,-0.90351136526584
-3.61676531197751,1.42313962379476,-0.732393985507662,-2.20555815171276,-0.235377867907365,-0.544714937842261,0.336525039001433,-1.16787104078363,-0.660670000313563,-0.142263200827322,0.553154734452345
5.08748023227942,0.630133343662576,-0.701860260536435,1.50964117830806,0.270063922032966,1.20319677623737,-0.929647539160515,-0.603100131245345,0.160214629823063,-0.133638646878834,0.758989874736025
-2.61454532234793,1.04491355057221,-0.301678588283948,-0.529733641197692,1.46171551172107,-0.564458805329623,0.945043817897455,0.728380227622869,-0.757814970662776,-0.0888117703288599,-0.608703887345086
-1.03430327854699,-2.20897626831805,0.692966473583354,1.49170682155725,-0.629073963982872,-1.50990438915812,0.941383333577598,-0.616519167875096,1.38598118465889,1.61339180907397,-0.391427003611557
-7.07007607714205,-1.49945394504689,-0.0734724185909629,-1.95631608117357,-1.40325689585356,-2.81795553754946,-1.3059852528599,-0.262408915622796,0.278047859640631,0.721530935135869,-0.760191426030374
3.1910084928497,1.37327436091786,1.71548743253069,1.96625946333349,-2.18550546639207,0.476789523760504,0.0250966653815868,-1.26620171987025,-1.23463311749916,1.04727700234223,0.584165140103913
-4.67043967882697,-0.890622831277981,-1.0478901850575,-1.72326552299357,0.249156656889419,-1.5245883787016,0.0286997673679643,-0.902752301845523,0.363641330158788,0.631697908896751,0.00664668420054961
0.353703689796177,-0.643952953224652,-1.56719202730852,0.102797591498564,-1.3204749961579,-0.403150517247731,-1.64368491489377,0.146091490554162,1.08686898108039,-0.462835608915607,-0.51566141009615
1.58184566781582,1.23665739523688,1.6492701175716,-1.02461741176276,1.97295032711461,2.75252702653212,0.614229298535981,1.3384243600138,-1.72536807940424,-0.498643040977859,0.749620294506236
5.8178908182224,1.52497117236061,1.01854108400833,1.2951862556787,0.335169470579914,2.35628324021966,1.38166524274727,0.666873430916567,-0.0802615916495738,1.82481738623345,0.172737301002004
-0.628255671169191,1.90557315211401,1.78373415259143,-0.493862819404455,0.442551901052738,-0.473339975616229,-0.701675566020823,-0.634380589970193,0.235652766373512,0.584455563897512,1.87296737055582
0.531582666157426,0.835299059618233,-0.302089179890528,0.773582970319157,-1.4763357949372,0.440565404647733,0.591926314943207,1.20876062324752,0.599016742764424,0.159693209259668,0.465581557994054
2.32489354054061,1.17748601414197,2.58070890145524,1.62311444491297,0.436391095015506,2.17175941953227,0.674795586807259,0.932657017483215,1.88043677162221,-0.535832490608937,0.556537520646695
2.48785335727352,-0.0525875138425738,1.05868396093386,0.134182981601572,1.36552585525218,2.77536743453466,0.0282095105800553,0.66503821425484,0.380434358602652,0.491414184704998,-0.458843210320614
0.188061689737776,1.20879875097306,-0.157263440842091,0.280909045044914,-0.0070022536839654,-0.154388996807947,-0.763857624016832,-0.182851517926676,1.83527664847473,-1.66444187021867,-0.0335947140774479
0.515550960953149,1.58058091918911,2.03811856556811,0.656831189906486,1.00423052118075,-0.781512936456375,-0.181115430093555,-0.591407276699408,-0.823294126512621,-1.10935264097396,0.928293785240595
0.197786665163193,1.1875117382914,0.571393959588138,1.3641336381258,-1.73887115022013,-2.282177448442,-0.485645148356314,-0.806172572172698,-1.350656666615,-0.12981543763322,0.250595622642414
-0.929856675314278,-0.588463063331867,-2.11448379104229,-0.275630843596136,-0.168415565404413,-1.07675292296802,0.0203806830121941,-0.209876754211656,-0.889057835512844,-0.492138872403614,-0.331534390497118
-3.12986474557249,1.66277202386727,0.739881001327528,-0.0160063160969337,-0.778669906511332,-1.28450039364033,-2.48434897834417,-0.352546825865419,-0.160222462794393,-0.590397516856788,-0.59188755839019
-5.17767361901225,-0.379848338529634,-0.687614331827856,-2.98532676836549,-0.652104978977873,-0.133256107150987,-1.03816061779538,0.111815197740918,-0.072056965170372,-0.573209451248185,-1.25492994203089
3.77993377937822,0.249050098986791,1.63731574549343,0.753628104688949,-0.491477943612666,0.621740426074601,-1.02831934087473,-0.114083655413961,-0.698292480919823,1.512635914679,2.5971467378346
0.616796221799811,0.256752900840927,1.59253317789808,1.14600103505039,1.15405906268871,0.461963144558522,-0.259498271729162,0.101224305408025,0.675133984923037,-0.504601888538242,0.250639074239899
-0.234645644860365,-0.435337500089622,0.810369871252906,0.176232078990273,-1.06846915358513,-0.857952587695694,-1.71908293701662,0.207849090695812,0.995128598318977,1.64338057290397,-1.18146496149593
0.605633080045164,1.25522660214783,3.17736432925179,1.27189932624973,-1.77241407174626,-0.48069821496921,-0.949323884767668,0.22020874488722,-0.159759705563236,0.969512934963035,0.106297974032472
0.284979537169546,-0.718613693600254,1.1117819122588,0.0414190989256098,-2.39023732807009,0.516105683490448,-1.33918393106868,-1.03177785437623,-0.846555577640433,0.943952740205004,-0.539839329801425
-0.0470054428869547,-0.643565026282213,0.618216115352281,1.12174427247018,-0.116220076938258,-0.0439729341884347,1.120721242163,-0.330932977403775,-3.06828206384738,-0.467184967910022,-0.212894566175406
-1.74917316310396,0.0970200573888842,-0.043910605756672,2.02283041924277,-1.87374386952241,-2.28443815960171,-0.639184012785855,-0.317692063777416,-0.307293526977768,-2.04974836448467,-0.052979054769364
-0.0918876992714505,0.995409261197548,0.947258026077183,-1.15197226187959,1.40165102767006,1.04289916967736,1.7844437149445,0.388304253641281,-0.848014869546675,1.73747937162744,-0.376868584371102
-6.28254023222543,0.47885147536766,0.862181042718322,-1.45522344001874,-1.71213881227031,-1.01582228616632,0.459040513929808,-0.775576431514719,0.984247516153845,0.28033918487374,0.244832573333689
3.40991384595504,0.0772869145183244,0.472945756874062,1.2747112721742,-0.163159510352384,0.248958708572722,-0.516930722003946,-0.173296371917444,0.743879779650814,1.34751518753312,-0.0118397007047705
-1.93237674296873,-0.473452558357138,0.358792585180371,-1.51006497421446,-0.566225796417194,0.271944667943374,-0.0684752346393112,2.7001565337162,0.0272461396138034,0.500537883995336,-0.289396420217081
3.28357949004329,0.422620408166974,-2.41983509758009,0.118684975027381,-0.2678723559603,1.16822516849154,0.609181799506823,1.85166071392364,-0.486786795022441,0.669602852515611,1.59250664449591
5.85173098248797,1.83304336985216,2.17448446734665,1.51238935909212,1.47180061910833,1.55468529647894,-0.139934107575169,0.799017307379535,0.143642006439012,-0.415730377359972,-0.121374615760762
1.07157701589013,-0.42273036442284,-1.37541150022553,-0.544768265070356,-2.38421897325869,-0.855419927761608,-3.17378806129767,-0.00893789168791081,0.261067964354248,-0.885232254644362,0.49962763438126
1.92879131335534,0.615066372531314,0.336193798764113,1.25641837458967,-0.0620653421638619,2.326371268498,2.77843401358523,-0.113555656919719,-1.24999029413128,-0.326935904355231,0.159126800202691
-4.5343393667161,0.568572674344654,2.45609197471338,-0.441798077540155,-0.631984923465706,0.295127058170664,0.376201497054598,-1.7798205611845,-1.55257237946454,0.642038634585716,0.437123423669347
-0.354815746133434,-1.72976122236379,-2.01881425945796,-1.6982703808718,-0.379063788560638,0.530187424084216,-1.08338032881486,-0.15840248480399,-0.624421470468245,-0.642331767887299,0.775915270411312
-3.65354046101304,0.418104628807315,-2.08215132372352,-3.01890197570631,1.78970858980758,-1.55611684554785,0.333992826064036,1.11276793300697,0.622722310559225,-0.511399678545815,0.740122153039595
2.75915352425499,0.435992219095962,2.05286266168092,2.49880704052187,1.77355056839714,0.186022961046289,1.40775536473453,1.91848838759728,0.0721119279191423,-0.62776842961771,-1.35367103942288
-3.727107462317,-0.654435429610358,0.233496561755752,-3.10795802916842,-1.68599351041906,-1.54886752208463,-2.6656448486005,-1.613377494931,0.271108953033582,1.38202252269753,0.0903896913609265
-3.39489852551763,0.197797736567374,1.03368705537898,-1.03975668908578,-1.62011183736343,0.490386257954432,1.67622926604194,0.371769306972534,1.24923191735838,0.901359161117073,-2.03718225194198
-3.34446491772835,-1.55016320205551,0.0154407728825106,0.408488656645032,-2.62366209536227,-1.54925119257134,1.6839129559795,-0.9234435848134,-0.951762924506783,-0.0358525010238236,0.592318412962079
-3.08385515878933,-3.86323319311698,-2.66463766449624,-0.628750581400153,-0.304952665486639,1.85841545295637,1.4352161656809,-2.30410442939092,0.934460065586209,-1.01111881519878,0.310890737203496
0.0306634356852052,-0.0126958281268182,0.27089721991468,0.479641287386836,-0.878695591541759,0.868798926761249,1.03824323406623,-0.27664145044679,1.20449184125735,-0.605881005366166,1.19687907254242
2.0256549183345,0.017972059010181,-2.13603833012499,1.45377732184681,-0.462978453615464,-1.25497008522974,0.299202806045177,-0.537287976139533,0.546815744950514,0.0529330546883286,-1.58665412406568
3.23348885626447,-0.753768387971451,1.26375293641747,3.55717168837671,-1.18219244295514,-1.30295336721319,-0.151319090449402,-0.0675169458087641,0.491321166594977,0.236748820494176,-0.988846350704818
-2.03413989057297,0.564893998619305,0.871999123738724,0.657205768087801,-3.11202055087258,-1.3203827518187,-2.52214055985101,-1.6523774213228,0.0548609746446381,-1.10728163695264,0.908024215500364
-2.20821475112951,-1.35267864341199,-1.96570971885603,-0.641803475056497,0.0250095182381707,1.42716846618411,2.47657082206648,1.39309821661968,0.959684792526404,-1.18913854278655,-0.64940009220176
-2.08307750788328,2.08872496273956,0.175495096232121,-1.00593821852566,0.236063494567686,1.56413137737397,1.59579797978566,-0.338886040826288,0.175586269605124,-0.988761177857096,-0.483290589236804
0.998471507149408,1.29136825345096,-0.236150460870628,0.583879783498994,-1.8799416401319,-1.06911599723571,-2.40298303462764,-0.0753261542940653,1.19085424645337,-0.190451594932855,0.537270015462541
-3.14186972013416,-1.36963768307043,-2.16606528177047,-0.236082230645161,0.125821089868928,-2.08553721693244,0.834316710977134,-0.702812147441463,-1.42787579329592,-0.709476881296716,-0.514664539059651
1.8084301587976,0.87308377074497,-0.0530511262058255,0.500072931575395,-0.979273878473953,1.14362663656583,-0.675880739802455,1.34114089755902,-2.960838742055,-2.3409125058475,0.595329490060589
-0.425205189474261,-0.0827388609551536,-3.69508938472121,-1.14968304452312,-1.74025552933003,1.02189848350981,-0.622186197404265,-0.237151800021401,-0.337466603562243,0.569894049495696,-1.23719225736758
-2.23595314837083,-0.628405637516051,-0.846344577553197,-0.906934314512609,1.20569690358362,-0.454969223238649,1.81569675657272,0.317923161222627,1.95476530843016,0.0275380007739789,-0.95048170572338
0.189560239246946,1.60462882144361,2.82582893858128,1.52084394551288,-1.45906189067824,-0.629486334552939,1.47595781825415,-0.422384644245946,0.837603199028148,2.2232335068411,1.24559102786038
-2.70910488270787,-0.851712528824229,-0.101820241588741,-0.605454745419477,-0.349753151395112,-1.13190623657193,-2.19018691660721,-1.26594751392116,-0.65728298291829,-1.00259006171583,-0.843154530277911
1.60163954188519,0.711465833623314,-1.69171567274524,0.0294910236662316,-0.827568339781976,-0.0125884322045148,0.1106365830642,-0.0848667240294297,0.973591186208813,0.182640088974182,-0.425433486335442
1.14491031321578,1.59009490211813,1.86980039880818,1.23985942307231,-0.827908213728531,-0.631245473869208,-0.706115441385325,0.497415040528646,0.512335555627882,0.600458605575438,-0.848558340035549
2.03371626161975,0.203374229719355,0.14343557253775,-0.251473139859752,2.64705124969567,2.38690160226361,1.47095865570207,1.67471876953804,1.87465068061779,0.619609246514731,0.0154750284555276
5.46590426325742,0.122339964418237,0.0926491907838754,1.5881825778626,-0.173104364223596,0.126920477220259,-2.7510718118271,0.8786207114562,0.902623150727421,1.06398913231963,-0.0747205306591229
-4.5558352107376,-0.176155795283402,-1.53555775634651,-2.09771961275295,0.17816498108635,-0.727784996557646,0.350538443894707,-0.265201785109153,-0.245282086510309,-1.6897361981851,0.473635812718347
6.60037659936668,-1.00769215604621,-0.878153612359526,1.31493803945879,0.185383802240193,1.38475561478736,-0.412194996032296,-0.368942366325874,-1.0299776783218,-0.0603264979954161,0.644483869264353
-0.373640285965243,-0.945973058647952,-1.57857726165273,-0.356524368853084,-1.72521087549635,-0.74984802888422,-1.15990823932445,0.0474165806822011,0.166650164199757,-0.730777736004665,0.915913478911632
-2.06800394613704,0.32746908051424,-0.0180089590178785,0.0517001268407901,-0.798882822465389,-0.865193871848452,-0.134272455511954,-0.918326904683796,0.807312822277692,0.252796339967786,-0.831545099266292
