"y","X2","X3","X4","X5","X6","X7","X8","X9","X10","X11"
-16.3159433815865,0.112975059379529,0.717093481749445,0.54985856574768,0.496899238182777,-0.98838338480151,0.706574572809553,0.611321045589298,-0.224210957528033,-2.43564589320504,-0.540758001265805
15.2594907651382,1.4285520289323,-0.501468132719594,0.737970984861386,0.423942999344817,0.801343973301315,-0.670505422426506,-0.958915003444937,0.287465569235302,-1.55818564593956,-0.322505771862695
-6.91437131663069,0.983403776281871,-0.418462149515936,0.494431480847877,-0.120116853832753,0.355357316379636,-0.94987827630966,2.06056810759377,-0.753192100270673,-0.167343448712292,-0.186170038597228
-31.0417479351336,-0.622456787473851,-1.37895044418642,-0.711694061618348,-1.20290610543529,0.659044112430605,1.7008483375467,-0.896853369869292,-0.293294367457753,-0.482272242287304,-0.0650321604428661
-38.6573869845124,-0.731535998971508,0.242777278692006,0.214145690616044,-0.654100764867513,-1.61398923552076,2.12025525685258,1.1153625385137,-0.953617989558426,-0.676109875202725,0.641400318514185
0.526097652537618,-0.516669720996468,0.84535367935613,1.51097429224047,0.993088267241665,-1.08419695962115,0.00193133024692004,0.924684304794322,-0.223403859484352,-0.133987261931704,0.964266992198197
0.0676920647652224,-1.75073344472958,-1.64349858392867,0.422312786437685,1.19308953211753,-0.546647314079835,0.0505380006811296,-1.79289793286203,0.457405124299277,-0.169833880814642,-0.856075358915685
-12.7164819188073,0.880104156389795,1.01897801991206,-0.667172230386497,-0.441757544112162,-0.593595675814621,1.27795916865865,0.329173326576156,1.01071221696643,0.420258632264665,1.25348429600533
2.75560976897825,1.37001035397326,0.952445293375739,2.18681454568855,0.0976615519748325,0.286019156682652,0.139373807887672,0.594423540225345,1.68849849339519,-0.767202314038909,-1.04100137510085
-29.0437116394164,-1.68732684304014,0.820759759957047,-0.929979960786568,-0.704220682747366,0.0355413400870423,1.60634752391947,0.00955456414567251,1.03597454957646,1.09283923759349,0.0404870329604223
8.83544992269299,-0.627436208268304,1.6265314120709,0.348013688277128,0.250234605700983,-0.278642618102059,-0.946948661892196,1.21657886955965,0.0466087157867587,0.399108680211515,2.35516636999182
12.0154850472415,0.0183166253177582,0.233837796784586,-1.28420745848875,1.11113067676481,1.08598791394669,-1.26568846723795,1.72815625393314,-0.343365842749963,-1.22535834249289,2.0480613696461
-31.960997289098,0.705243464480563,0.785212368967735,-3.00942634973815,-1.03063525451718,0.749027506530991,1.55455950047462,0.508742298562261,0.718288694499168,0.852202804401803,0.0238773332969455
-21.1932899840396,-0.647019011099092,-1.35145774014637,-0.467755990126433,-1.284320014445,0.251511691387177,-0.214455406362693,-0.445207448374676,-0.473253356924282,0.95419490457866,-0.910210834253903
-2.86435781888794,0.86818087329541,-0.434174301091759,-0.858176212788862,0.41947590038992,0.130763475057932,-0.458762624973784,1.62719375330961,1.44166567025788,-1.93716126592811,-0.547161477961188
-1.01272139067472,0.375635612059638,-0.681513473335451,-0.0314226306356567,0.857079028239831,0.455521034779939,0.210432033771147,-0.113204801613507,-1.02302901535243,-1.24417568912198,0.929626662131574
-1.02400846037634,0.310262167040785,1.43705369752297,-0.381643184740578,0.290764571232641,0.918376183602326,0.362243616266438,-0.74337827099593,-0.799221877450267,-1.82639807740441,-0.254106256262918
11.4005181714725,0.0050069504902444,0.866402842508212,-0.280192664614407,0.429218222919779,1.22556080244471,-0.986758049729518,-0.0781933604958503,-1.78026668920891,1.48064145625146,-0.347601095084035
-43.2284328000168,-0.0376302629271752,-1.75271538556459,-1.24077596080931,-0.89244266337644,-0.609202705246504,1.27512024431684,0.37154050085277,-0.99875802969721,0.859425720621344,-0.898098323210684
-4.05836896309611,0.723976060750263,-0.709243243009561,2.26024123694442,0.88505870444221,-0.205473993632778,-0.247504270233208,2.2246961866804,-0.077314022852491,-0.360533217736598,-0.319801872564201
-26.0478773908394,-0.49673886302794,0.317649268151942,1.1148425960005,-1.15476939276222,0.878570836798156,1.19825267790896,-0.65943683821266,0.249943773202359,0.43140973289856,-2.20697185339459
17.9035902956403,0.0113951613828768,0.836179617684452,0.479082155770462,-0.0273615613812188,1.34151070674533,0.893555562506096,-2.81988247402241,-0.857321916042113,1.13656457732616,1.60520291674323
12.3200803031678,0.00985994586268968,2.54252614805052,-0.484605885570993,0.169173128338086,1.19878348355121,-0.0294762990769007,-0.177078804101185,0.208571985424024,0.0481902829870853,1.97031383483042
13.6356806356395,0.678271423423052,0.400513780067583,0.361765297282803,-0.296601601835911,0.0197524830955436,-0.597186353627162,-1.48494117388195,0.274463535886619,0.70760722664689,0.977478113699595
2.12815743708172,1.029563029157,0.0357852784895104,1.06252110783168,1.014898511894,1.52549186956588,0.61295289360403,0.743664308422352,-1.03673004062321,0.0348379096051265,0.571911982526757
-18.8645443811614,-1.72952850422356,0.282730482953731,-0.198514299870965,0.347155117091992,-0.520779893915086,0.474317346723657,0.0782536315106612,-0.919911171517968,-0.384045238901394,-0.278507641327463
4.39357506332087,-2.20434809454172,-0.786256327576343,2.03102867175013,0.928374384106097,-1.84237746180936,-1.00868123784226,0.82698165391019,1.41581583826879,1.07970481270636,-0.0669217799566198
-0.648012712540537,0.543172895724932,-0.170329164012519,-0.320044208478049,0.713734433801264,0.0972566752439549,0.523286411129945,-1.14039945283879,0.497803175694277,1.87620445241042,-0.680436191380558
12.1240289547401,0.0214271944995379,1.19185283394643,0.50836374848498,1.11868943339367,0.30125130152072,-0.171169581203137,-0.498203925430328,-0.576680578010587,0.467746702282508,0.923705605652839
-5.93942485475792,0.162565793482275,1.3658101600786,-0.322321693332168,0.340801221478783,-1.41562676541484,0.473215619447975,-1.59609374746299,-0.533042798199581,-1.4531338421588,-0.279322127990765
-12.7491216978499,1.2417542540687,-0.76060063403792,0.780634775586391,0.413845088688882,-1.69208398925626,0.331556537198576,0.666706672643035,0.174013507791707,-0.571232389468204,-0.108650079354797
-1.9958590732896,0.7827774777544,-0.973731992474883,1.48344504649836,0.619565588378433,0.0132562479602741,1.31098687467403,-0.325287150914736,0.377089032014813,-0.360271633686386,1.78503759216736
-20.2547119981883,0.0481207089559032,1.9097988582691,-0.665854117878145,-0.566024683542596,0.648520109246891,0.452803994499488,1.44919679089879,-0.726036965863646,-1.00836471710888,-0.343505956080138
-42.8113477805365,-1.47540013555216,-1.75291793830826,-0.0581632048625474,-0.0938045651128752,0.84247860739344,2.13542659816314,1.88007071596818,-1.60367558231852,0.441425430844771,1.31312908359458
-18.5671987618683,0.435762302341955,0.955691376201147,-0.508618952033426,-1.09914268966804,0.297178180962616,0.431935386165721,0.442460311476798,-0.804589097174478,-0.166523324580688,0.80723920501986
-8.19215781286795,-0.0704701785720064,2.33406156389148,-0.640026576824838,-0.675138725731286,-0.869787770996506,-0.161320991762472,-0.393224489321876,-0.24306275136366,-2.19384559772782,-0.813424578592408
19.6992097494203,0.111196532794704,1.10167237723982,0.546517355456073,-1.12654302462633,0.250913020976456,-0.317586505930339,-2.04999814094948,0.709129963536125,1.60408239223104,2.55314850224822
35.3063008418919,1.27350464308159,1.09198020173665,0.0329007023975169,1.30444163684943,0.522254764606519,-1.03045196499346,-1.60663779337494,-0.872340814253748,0.8923204300783,-0.133548115839536
3.04474123962044,-0.493383624785763,0.285383329120999,-1.64687663176852,-0.231296534916356,-1.99055329189052,-0.335648229840471,-1.5185040217737,0.770803566366003,0.639210282574994,0.794656467980533
-21.3394917887919,1.26011381514251,-1.55972765963793,0.801161945422651,-1.76856046620624,-0.352659967378868,0.958454407087877,-1.09072821196859,-1.23450442526552,-0.0484243633570997,-1.74040769387728
10.3522227422548,1.28397468377992,0.855747841758752,1.18046753142577,-0.77177084046146,1.53433193776145,-0.377246074718114,0.569937118328469,-0.824327933183044,0.553458253257045,1.16418801670039
4.30161759603269,-1.11879344455041,0.427933206414586,-0.612964286863616,0.407973705549745,-0.890202573058019,-1.52960646395811,-0.19433404942928,-0.804713772812346,1.21456231942933,0.181798443176221
-22.6312601085593,0.0290398010839082,-0.287244173870085,-0.972300313108074,-0.705602816258138,-0.317079034487205,0.51222677839964,0.38995115288545,-0.409124316297784,0.793235521384618,-0.893946194308582
-21.6770973273083,-1.93139846037244,-0.201176160095241,1.79137772032282,-0.71834020850842,0.612019448759526,-0.493801812998069,1.37635045612467,-1.71622494620671,-0.944130471688187,-1.27436579894602
13.4095155980756,0.649894007221818,0.900510645574103,0.809192900381366,-0.360460022720098,-0.548982185168303,-0.944011373314803,-1.87024797169417,-1.46630636026304,2.06505726712014,1.12347914238349
-0.917526161002872,0.163851834240184,-2.25400065689073,0.105157638138101,-0.331183390013779,1.06481646364902,-0.0590499697078367,-1.19575990504453,0.560274244621107,1.0882273784775,0.0054858111488007
-0.489488830694222,-0.826725569813076,-0.519687038888028,-1.07024130237152,0.105588421851998,-1.81191331156692,-2.17127693473916,0.877470245913121,0.0430487404306628,-0.657930270454905,-1.0572105532808
0.0942903550605592,-0.451868335254677,-0.36291842413112,0.854941633799389,-0.735093844980458,1.30827341163999,-0.535694020726545,0.606538694019857,-0.691402734407853,0.49211946452028,1.95033656648853
-2.45132872637815,-1.12657010618436,1.94352703789898,-1.7689371333081,-2.22984627582394,-0.537088564187444,-1.03196704190101,-1.28754729915689,-0.741786446023731,-0.404364835030615,1.70038194316197
-36.4844065524512,-1.7666592288685,0.295150686268511,-0.981864661772039,-0.32762344960834,-1.09352459319519,0.764771646385358,1.41868774589807,-0.360307570598568,0.0442464763389912,-0.295071158160389
19.8922674135226,-1.27718175943872,1.16521746265612,-1.11500999873446,0.476068632839534,0.0877347658777355,-2.05871758663938,-0.0675348306092528,1.11488991338635,-0.691217360655522,0.470677153345108
31.6036749816167,-1.16594786819485,0.243672751193733,-0.786650153049365,0.689159683803032,-0.0446452374816845,-2.30204134149501,-2.27539717714643,0.57504961381483,0.290970010285838,0.0913383299999617
-3.83302535355851,1.36001726605897,0.45344675558955,-1.00633657340004,0.187524931976561,-0.162295059390847,-0.14850363986431,0.666605343737014,-0.704837943246657,-2.37599771738699,0.132025084901481
-30.7640354441526,-0.585349930988124,0.515410849100596,-0.431300405953537,-1.83105358888024,-0.361443252352542,1.51713398343132,-0.0621232164916954,1.50432935954741,0.0734669654027724,-0.92729461968672
-10.5955119517627,0.831521512226733,-1.16395023282441,-0.238599146108598,-0.692741689870033,0.255971646277566,-0.529403459669816,0.634484872616096,-1.0027447031137,-1.77124541221592,0.79148549185714
6.79449973465664,1.37849166037107,-0.937743376681319,2.58118806717729,-1.63944602850475,0.221585054216063,-0.728999300078369,-0.817706561180477,1.55949655872828,-0.885985684189152,0.0877395908212745
-21.8407164875811,1.57490417604269,0.152347654725241,-0.411644565827974,-2.51997045997896,2.02099385674364,0.181733182531762,-0.785678191075604,-0.390810001085238,0.211984405352022,-1.83614862239102
-0.0546092507194185,-0.572594806156605,-0.281439223792983,-0.46158768113945,-1.4885209625392,2.06769208443669,-1.04691530394884,-0.851805842340891,0.620271282319798,-0.225701067821181,-0.646932329686899
-18.3415115944459,0.00815959124157292,-0.810624371131412,-2.07650305723106,-1.37585184845292,-0.355669142037043,-0.413783280408354,0.856409717163951,1.14886281254532,0.421310721668558,0.919741225687195
-27.9507292679754,-0.472049253817028,-0.266400655561554,0.408940982469399,-0.510634707084526,0.122210579771242,1.37382782153782,1.35830930190127,-0.022622005346687,0.493522176663674,1.09031789066778
-18.6608418709527,0.342730427821619,0.852246789038166,-1.19599132596605,0.00331656818673785,0.22366614372915,0.111585793259812,1.48695853240579,0.144897680025693,-0.626030938457675,-1.01696557581521
-25.5902361879536,-0.194104579269605,-1.41776055713248,-0.557482432759066,-1.61377035306786,-0.156238732338492,0.401260268563388,-0.384469533537222,-0.395352363258065,-1.147711281994,-0.704387395129029
12.1762483344484,-0.0808205337991699,-0.308979706199335,-1.76770040831563,-0.0719293337166589,1.07651119317425,-1.27347167972396,-0.366051989293928,1.66850491029202,-1.30607180982699,-0.395060724390206
-15.3972545110202,0.24751015922702,0.425672808701975,1.26114977389673,-1.55260737615639,0.171607204129805,-0.0312652740579522,1.48983017612004,0.359287723420597,0.0165734511271082,0.567093163038143
9.09730865661103,1.12242126490231,-0.0398116914911732,-0.23984699764881,0.0987776182631353,0.204837270795135,0.135582613822192,-0.563038958599235,1.20451661553826,0.812322328418927,1.28661729813608
0.850007633141012,2.13538261120834,-1.64594201898624,-0.192267763881456,1.03059148261463,0.128568677082995,-0.645835524534945,1.1816731286151,-0.478382978358083,0.584099681069124,-0.240052412468715
-10.21939661179,-0.0467030632993786,0.936577082331917,-1.8725015620504,0.544599836443372,-0.727702873508692,-0.0795278882712239,1.40259607643101,0.888089274432117,-0.120491054088821,0.420975469740099
-0.493745214668206,0.325180293135937,1.48721204653766,-0.365823803525695,1.06200246319208,1.75677534558757,-0.428635214995049,1.57745925691024,-0.923630847964363,-0.29155297918802,-0.876276386356384
6.68545833274142,0.166115119440857,1.60767667745622,0.0410329212596704,0.0596905948542245,-0.318800776488433,-0.558814675941895,-0.174424744843685,-1.07701944423728,0.966605512311171,1.42506808583919
0.570829061592034,0.193746301965414,0.250893744637267,-0.134329275729267,-0.359240261396478,-1.66182756796981,-1.17363901259271,-1.9700761304465,-1.53420907812411,1.04433947197183,-0.902383976750758
-27.5594189384021,-0.743466359765365,0.272454067431696,-0.422806923124166,-0.764478119338788,-1.29786486488855,-0.0481063236163721,0.340034151289327,-1.1684375178188,-0.520399784710328,-1.53361062898526
-12.4483557012243,1.03757029589413,0.151120397835553,2.38269997767842,-1.25590752726742,-0.910598610181295,1.21781640556341,-0.808165106790454,0.72974469121447,-2.53663538780362,0.851973505426189
27.8160384893217,2.26252305161711,0.972148262845829,1.51021991414018,0.70717657966619,0.877027113263667,-1.15036027695824,-0.290854134488494,1.55632616880435,-2.45667578485075,-0.811393265236036
8.981587600793,3.02112423780266,1.00919767461536,-0.441123947309318,0.508442291685254,0.338641190202811,-0.305422526935616,1.24691936791463,0.540378897245234,0.212502496009405,0.0476350225569146
-8.01612070462427,0.138624687245064,-0.414270986076424,-1.08544432341297,1.6199824994771,-0.563932948250656,-0.587468805103092,1.4830436507598,-1.74411344947144,-0.0161040445957248,-0.152192247225595
-13.9515102493949,0.191358875688558,-0.885750295902445,0.556247959172004,-0.252417913449052,-1.92611158861667,0.782649110092705,-1.84697144411395,-0.546459714530867,0.568344957601208,0.0300454739102981
-22.0639415206502,-0.755929408935423,1.45433503960248,0.924729298075923,0.406124230465328,-0.0455992309183662,1.21449044006994,1.52268566880501,-0.777788240297573,0.354372823615287,0.387911969428047
-27.8324691613015,0.351246428652799,-0.368401509778208,-0.16056802464123,-2.13168543712144,-0.0965804741213976,1.22439257010927,-0.106058875494464,0.399526403613874,1.62012351871501,-0.596121863344479
-25.2580307831254,-1.45585688631784,1.19897700932785,-1.27659837438898,-0.942515789469473,-2.8632653414107,-0.193061939735653,-0.0465606291735706,0.390588315780166,0.763801333076045,-0.996014350861508
15.7605477828443,-0.452989079128349,0.85857279129482,-0.355945926849626,0.153363925970363,-0.502265915498548,-2.07640458287,0.332037711681951,1.78796693634722,0.356295663197203,-0.777402086583277
4.75866411464117,0.212833332716737,0.486899829486885,0.588291273020338,-0.815188621324908,0.428217676536045,-0.338796589512514,0.316780455586593,-0.0873962070118788,-0.191820734150265,0.846532593702962
3.75080780647515,-0.184078932113446,-0.12527496668046,-0.91046489355235,-0.576691822830896,-1.12011311559083,-0.495291222850195,-1.26566195500772,0.889502430426186,-0.286938167408991,0.935832827705165
-8.23354953989711,0.703474594993182,0.0218001786366695,-0.841172617627559,-0.808997003178316,-0.910262308808473,-0.109585009086573,-0.404433080108578,0.00895699973917828,0.638474201859097,1.04771740376181
-24.5265888458769,0.153219090198656,-1.83427457779305,-0.485079749893615,0.182739738446428,1.13724364356538,1.50218498602612,0.0378201495357093,1.333358155519,-0.343605902302066,-1.69154137281358
-0.404196286060713,-0.515729140200439,1.53076518296909,1.41401212571818,0.117540311207071,-0.2600177235301,0.101451676532605,0.973034929090699,0.824874108411055,1.32673180931916,0.648462220200563
24.9095741968229,-0.399315029049628,1.64020757062729,0.288544294036995,0.573362295434045,1.51282230893888,-0.962465351135856,-0.581573451720227,0.797588617491311,1.2798946090406,-0.00132977723379233
-7.84296215820858,-1.43192024000168,-1.65152757583031,1.05636086444364,1.2405846061067,0.924489099300011,0.332417082674942,0.0113690558172789,-2.44645677474972,0.532185177941423,0.353244748946154
-0.211607668068151,-2.01016570670497,0.0301909317630092,-0.108038159029667,-0.0920730790331718,0.318450519485061,-0.665877942597296,-0.694638960583361,-0.106919315942622,1.21963159870114,0.0408758248609301
-15.3185521374818,0.338329220067682,-0.569073609790872,-0.66358547529428,-1.07568412309591,0.465539326248683,0.0170952628774868,0.20259721037292,0.0747404091629552,1.09606178426,0.0489271864997155
3.98174132136867,0.651286964906414,0.610966061213216,0.376723499288738,0.370431196559502,0.042047391404617,0.647703425589804,-0.387536189454739,0.708557761521488,-0.0173638000639277,-0.665364083918658
24.5337977471625,2.43315152192684,1.50856768900047,-1.95685714793634,0.872030275810196,0.00799532989882029,-1.92993602909384,-0.207201557157699,-0.673205316499986,-0.0646140825890838,0.23355400222519
-19.3789681125198,1.1913382123343,-0.67724858172127,-1.40923742952466,-0.00140811221533224,-1.99014481769529,1.568807788147,-1.2351072026843,0.286055746666925,-1.14674889475703,0.808331077701015
-3.50246618335202,0.922442817349925,1.00127286222824,-0.763842176189677,1.10102263861912,1.24352395166473,1.41309148908644,-0.315215495170049,1.13272907526241,-0.525427774254773,-0.412478479015408
-7.09411962105482,0.621097373512798,1.23559803737651,-2.2429595131132,-0.0165181987775972,-1.28939040760187,-0.28816481656921,0.31229153659412,0.742031243432268,1.61265676655747,0.0908194059925919
-2.00891182517158,0.356333483055837,1.64678333547692,-1.13455073107891,1.10320409934241,-0.212841974773289,0.737497190290712,1.36980685510908,-0.0579681732831608,0.667856780105773,2.58942385486774
-21.5061664785948,0.0711463954355745,-1.22505623464341,1.40672465269132,-1.17733016373811,-0.128431486986823,1.01236162943101,0.458485326855198,0.76259893971806,-0.849999789611371,-0.132906463267148
-29.6561461706122,0.731802600930516,-0.543198952827159,-2.24557639571012,-0.811561040325151,0.83711967644892,1.70798348616681,-0.431364638222553,-0.334358939379262,-1.23760852011011,0.0929896033168459
-14.1343431968247,0.61978973359548,-0.44553541605053,0.949931997462927,1.09446671296781,0.0856936410368701,0.893868302105525,1.83238766938644,-0.322058512876721,1.88700988740721,0.427937393789479
-2.4454467575505,-0.242559707219422,-1.9167749987803,-0.0595926114216302,1.55683875104984,0.612903090875477,0.277591961083911,-0.054106785964666,-0.0713520366494707,-0.507602513818201,-0.45241539176111
-12.4581615277017,2.18711916123311,-0.0528137742633058,-0.0842966478759171,-0.996098871101305,-0.364649186025606,-0.296611150177501,0.951425899941616,-1.04035583008666,-0.110989417095418,-0.078154837670924
-13.6904273804071,-0.581727450246202,-0.0330211947986275,-2.39428391640613,0.568481882766487,-0.487864521215894,0.433009178703463,0.513998559521374,1.52421214812852,0.917093437031484,-0.707661021189075
-7.27065921355987,0.700080227155231,0.0229248785448746,-0.728101385916633,-0.441959048063931,0.211941981804302,-1.56923510410965,2.34436331539367,0.490256961273019,-0.782456965561258,-0.330869391528479
20.8470047274625,1.49217657949795,-1.35010686320641,1.47494933818971,-0.0797950995514952,0.639169523449084,-1.05040837547284,-1.62139680499343,-1.18799314463023,1.48678485881824,1.3983524415235
12.2185556588192,0.526553440889854,0.113811588677316,-1.0297405937137,1.69318197310521,0.190828298087523,0.253021601106779,-0.378578635913459,0.183941487397914,1.18387179957994,0.550543340251138
15.0002325244553,1.03777210074301,0.642987378208233,-0.319710550654781,1.56802167265278,0.175887340391444,-0.120834021111037,-0.096077796990004,1.34786392693701,-0.287009129966085,-0.497373359740769
-25.8308263177922,-1.86071635142819,0.249825197296058,-0.500751953263358,-0.770296276715973,0.565230370572726,0.673229654690849,0.59640289023391,-0.219575910420679,-1.83372660498526,-1.26705268887626
-8.82212006607522,-0.426574240121142,-0.0853459836885707,1.39907981567761,-0.15173005008437,-0.207211831026224,0.280158022548931,0.0269015590008719,-0.392596545300235,-0.641491224212466,-0.708277961705243
-13.3726827255434,-0.00113704486266738,-1.19303796064907,-0.509369494070773,0.0511079679035479,-0.958191403263834,-1.29293218302819,2.30183709658006,-0.0354606027244152,-0.905487129592145,-0.0872423064262826
-6.10809365929717,-0.420244992520626,0.356282686810803,0.285797960623675,-1.02460752796134,0.60043736067746,-0.644692607611943,-0.286720347929226,-1.05300163043045,0.82236996207788,-0.111212492874527
-7.82388118599441,-0.0139409023846183,0.172087576644518,0.244358163423617,-1.07909345857824,-0.682716897964959,-0.537847807148469,-0.306734658358289,-0.162256993357009,-1.46895726635942,0.413604841134407
6.63143638623586,0.168636943897225,1.97372864188582,0.370767252889169,-0.202585948153889,0.928241073346325,-0.663810244825263,1.46886971901011,1.90970789223216,0.6600882378419,-1.1950046741509
7.00881315662199,0.869263346418203,-1.19054711512027,0.235244271026568,-0.625197396840639,1.26900379105887,-0.542693259937562,-0.713427266387064,-0.218293726122142,0.0304872696770355,0.72912780325173
6.3663894716353,-0.798669864743287,-0.889302769453446,-0.523590836195962,-0.766835872732741,0.984317297658459,-1.16803980996039,-0.163136878050722,-0.245458449741989,-1.30008379862487,1.31562290984825
0.755848625440549,-0.503750532523034,-0.827772216986977,0.0198796855806602,-0.699528977598388,-0.299231772188068,-0.350169499560427,-2.03137356459642,0.950087134911576,0.571981861085932,-0.351368839111905
-5.65766401188995,2.31559831534416,-1.28492962354055,-0.605292972530375,-1.08883344314646,-0.657557382520979,-1.55660304340875,1.15746450934514,-0.542112696467711,2.52034590643494,0.290420394974512
-38.8189602814357,-0.692209119501678,-1.27572577571741,-0.410062421387431,0.0246447848202853,-0.360174871893646,2.23736680446965,0.15685196813399,0.512142788085622,0.686399964846672,-1.12902355340702
-17.4207285633777,0.493350469720783,-2.5515137258786,-0.750318641150209,-0.0591994340168392,-1.08278590385412,-0.82794640254791,1.38283886857756,0.123984517586581,0.253979394490395,-0.316309772673814
-26.797363510912,-0.0576014690810462,2.18791774683888,1.88671679528998,-0.386861878303219,0.297945387402079,2.77290190018019,0.239333263523627,-0.301279021425855,0.744707902991029,0.364221209055353
-5.80048910319776,0.18736545592173,-0.402669219876226,1.07377289582942,-0.642142851281573,0.280184412860269,-0.143947536378032,0.419882013476491,0.479058318200719,-0.583767154631283,-0.236901445188391
4.75191715749756,0.830683738841598,2.21595633668288,0.649289290087929,0.377848055780468,0.144875857449978,0.261543222755362,0.982140131961107,0.881876664175146,0.672525180106247,0.472843329583744
11.3057637414455,0.244617665986563,-2.25042387258164,-0.952912063901445,-1.26102592074098,0.421837688844941,-2.64929598274582,-1.32446114582055,-0.0612004802824346,-0.841412878197509,-0.26682383535783
20.7416128554775,-0.584200515454553,0.103253708285337,-0.762170615788893,0.582356545385204,-1.33097287794903,-2.03180024144201,-0.164082431600098,1.28389544415211,-0.628724588726368,1.13147511175078
0.866212830489346,0.158786223459144,0.819019530197075,0.974143509135305,0.450523609323796,-2.23804530071136,-0.763165416641343,0.276302738019984,-0.960574513539585,-0.0485364669642443,1.03530117957397
-21.6991692064182,-2.7181568684619,0.867531285479854,0.751558663079404,-0.576688015754764,-0.871068251031673,-0.0839424868746463,0.282315528904819,-1.00480173760902,0.114637421635136,-0.173343656655073
-11.0357030904997,0.0502819975633311,1.45796570320058,-0.988588791192889,-1.95344056547804,0.115125465960006,-0.773860360861131,-0.269917505109244,-0.323463543480838,0.109196576612081,0.16990562894195
-1.47131148771803,-1.88734728321861,-1.28845863666195,1.88369453956351,-0.103877074599263,-0.735234303005208,-0.609995359685636,-0.846220532510839,-1.87520426631924,-0.478063868691431,1.70797215776719
-10.7932395236009,-0.61759926127923,-0.887796180641521,0.0159341632665326,-1.71058197709019,0.778705558004098,-1.53040609560048,-0.570509979993844,-1.9583716291691,0.973105754967043,-0.462668742361849
8.40993117618832,-1.27754209003171,-3.13369995808798,0.174854843273728,0.379225575718216,1.32680230596203,-0.673702730866094,0.503428212940416,0.847611854907114,-0.477898991550738,-0.258642363817845
-5.6185354908373,-2.14539531534704,0.399934717710489,-0.617438585156597,0.378880250051715,-0.580179925506531,-0.944191816592478,-0.337532266944249,0.229797507896916,0.124867573827664,-1.63112085521987
2.85560018244536,0.667030836138,0.424783268348672,1.68082665648767,-1.02975303545354,0.244509612372431,-0.860830644590574,-0.33570973037703,-0.0251647992420593,-0.271649592887459,-0.211451882919272
-26.3626395010007,0.702955289874244,0.656107670120149,-0.865375030322868,0.00142510804846541,1.19586910428128,1.99166580198572,1.23875593445489,-0.135033612306385,-1.06998808468263,-0.382218829599841
-17.8989896729495,0.839703612666452,0.976750081918345,0.883743905425178,-0.620784320191286,1.12026738847528,1.20593447933712,2.10842903716709,-0.303830615746938,-0.591611401817185,-0.370508680464614
-3.06730748054477,0.01593920893245,1.20595407698,1.16457391056274,0.0620424751358504,-0.626775373239121,-0.534418652332317,0.363436627556403,-0.887980057704966,-0.0301048031387044,-0.850797521275165
-18.0291291141061,0.112424464921934,1.38233486764073,0.0559442338155531,-0.727915657012429,-0.691540155570161,1.56895930100425,-0.199620274666681,0.334674559108924,0.941658914062103,-0.554115763794356
-3.48723993083999,-0.399839623401876,0.292553993771553,-1.17949904947845,-1.26889978784658,-0.566961987930578,-1.04638025963754,-0.224912285711156,1.73453781176118,0.876662976802899,-0.0987431398582935
-22.2197496274182,-0.178278611950614,0.378996689455366,-1.63178443996297,-0.526676430628143,-0.160453916295471,1.01303901429567,-0.0918389207016424,0.401795768293151,-0.227854148530018,-0.115368264558977
0.714732084696454,0.786951326752889,0.195106148373049,0.304246772572599,0.162275070561825,-0.0891854576268337,0.683216840688041,-0.881841133001125,2.34606323819581,-0.14980197080832,-1.0259400654344
-26.8090123672685,-0.580547825873881,0.28069898192494,-1.58016449214768,-0.804823296601182,0.755003475803962,0.324076258528525,1.12226478106561,-1.23152953489455,-0.881158071510073,0.679021592349033
-9.01421950667167,-0.560592626682655,0.184565208265105,-0.427775145656907,0.375449360279434,-1.37789491183689,0.891031387976109,-0.384310595177262,-0.333769547399135,-1.02492612557734,0.487753273778332
-9.7101901002297,0.918251136413514,-0.522969262859226,0.716420787270821,0.0648726758949579,0.491241193411929,0.347960883411967,0.149268832816391,-0.215531048079584,-0.608750420766352,-1.47840373958609
-13.3202174133558,-0.218538757037979,1.05836414940362,-0.688336137098787,0.253591504416912,-0.0528362938634865,0.379206147415873,0.950589224198651,1.80136918814611,-0.661706362669382,-1.42199199201652
22.4739659966173,-0.696335216707201,-1.46032492037081,0.914648102332572,1.38816488140734,-1.26223432601735,-1.43955886779849,-1.30842837148374,0.354779754052057,0.447268589462537,0.887532360469285
-18.5836388682709,0.699728213809495,0.0269141400185939,-0.193952563357324,-0.158883316888783,-0.720404760500306,1.53461657369877,-0.983558123713192,0.117558267122203,1.94732012668362,-0.727826894256018
-23.8679496233893,-1.19815779206883,-0.758262165486903,-0.0512534926423305,0.488039490476087,-0.701279867678411,1.43552216821,0.699149064922794,1.18480580407594,-1.20581822303101,-0.566686788475618
14.5748609042831,-0.498614867041866,-0.352524669710462,1.30087734467456,0.748470118746419,0.596245194968821,-0.586558780517481,-1.5625951145175,-0.75331099926846,1.85240894633291,0.307444795854034
0.233622291913262,2.07395633332305,-1.58457956897182,-0.115319042980515,-0.408946539361429,0.996977722362818,-0.22371389291118,-0.277430399124439,-1.99534133301322,1.19524270216214,1.90621706386883
10.5594343827529,-0.140749629724079,-0.553440569784362,1.16048302402207,-1.01446910819864,-0.150423846079644,-1.38120028237677,-0.996608218602001,0.171882824260198,-2.35450404002899,0.98892739189031
-0.194808659862236,-0.119389544106209,0.491812863604194,-0.0527820785653622,1.36699695218189,-0.198123341933193,-0.263974942804507,1.33515380670869,-0.0343012237062389,0.464839604636557,0.295591947984271
4.32490638070331,2.39145601890211,-1.88318389628993,0.33921178737851,-0.294616169987819,1.58534007569849,-0.141973202947293,-0.132440481977914,0.062889738960153,0.383336375333263,-0.663239902014365
19.4345559597852,0.734952439718319,-0.967118505538357,0.196596302790018,0.547137400869449,0.913296548826931,-1.33212470753042,-1.05692576692864,-0.48093729214966,0.775832783592789,0.397423087402126
7.70781510784093,0.473612875555403,-1.0543856090554,0.310212042927057,0.348723586315633,0.266917562239233,-0.588872809802572,-0.534753228317216,1.03474869887166,-1.05840770503945,-0.00779950374791527
26.7736530125932,-0.23374288116267,0.050837227090923,0.312547214577396,0.754852852461468,0.617933361611897,-1.71523288387883,-0.976998130533458,-0.418030848868082,-0.265728698462942,0.159717960516391
12.979196181634,-0.8535841932299,-0.629417112744721,0.42652152115782,0.586558811912482,1.9838815273024,-1.08873500151929,0.866136344397428,-0.207570095630747,-1.15181430883793,1.40580156599645
-13.6525304204885,-0.231625638280721,0.924316787947288,0.633173802879373,-0.781273810687796,0.154009453983012,1.15212879483052,-0.555117860165359,0.00690169772122874,1.85879535609433,0.818277062096357
11.5157485133662,0.972273907969436,1.10143585050171,0.991680520085094,1.76135038908316,0.152637427722115,0.225291171687011,-0.921518665804538,-1.06193977157745,0.893494530404431,-0.442698025714295
-18.9196047860601,1.08846612257385,1.13320919652301,-1.11578658753775,-1.62520443764948,1.38688454093927,-0.0811550723442048,0.332292605509775,-1.16514295981502,0.183255456447746,-0.272018694979045
-16.947635756549,-1.02257775260783,-0.565994326413448,-2.62568853675947,-0.315203488265559,0.490531439401034,0.972619996894153,-0.526994822282289,-0.443381757104958,0.457819202595431,0.150567252800342
-32.931756690083,-0.339330351934493,0.175488291195354,-1.53048287911788,0.165049721600417,-2.31633743399401,1.58819814756774,-0.893848625876532,0.921873773654434,-0.180576960919428,-2.58992116321003
-3.96908796099256,-0.891476106239871,-0.152562951735197,-0.61162613752525,0.559054814916793,1.26313146424341,-0.12683671030869,-0.320933677435489,-0.668555066167394,-0.467980918073252,-0.11417684990611
-2.29053137094645,1.40784411984464,-0.201027284098198,-1.36099063847107,0.421665669688026,-0.0270000861793418,-0.0133918254449904,-1.39136079217297,-2.1263315389825,0.0952202474488249,-0.15641885197205
-1.88013873039187,1.18666080122666,-0.857357542563745,-0.783810652905412,-0.716497602283362,-0.0192397944076854,-0.261035962610873,-1.68475859560442,-1.36297553127851,-0.753639958570187,0.81829852257585
-19.7708651259429,-0.859974545888744,0.449804227360598,1.21102016103916,0.044822906648222,-0.171312567487492,0.0618761123261016,0.845327548882934,-0.151599716837116,0.191529411627435,-2.70578843551578
-11.8541772341161,-0.289627399091059,-0.313668046187967,1.44947051621839,0.164569115544454,0.659222427909998,0.594172016913959,0.504923021592104,-1.1567587234554,-0.50890024074264,0.513011084266891
-32.7575643301996,-1.91328706273694,0.86055240847413,0.522502298589657,0.0025881139021405,-0.942980845584693,1.7422956462801,0.400797910678375,0.812573161673546,-0.0543385917184136,-1.29764163685984
9.77210935496789,-0.226183689546117,-0.147304115800428,0.383176648776534,1.09814453959837,-0.683501026226572,-1.02098531435776,-0.277405442610535,0.628193518448079,-1.70815978240006,-1.96464407033006
13.3444225495137,-0.606314886812164,-0.322504326013132,0.942132787084875,0.841616242517743,0.810943712401468,-0.644698852295731,-0.358182575866528,0.651633994654257,0.319567377284334,0.370661608860216
-6.2577198908764,2.02002962641777,-0.278551253551235,-1.19360981813131,-0.109990528129688,0.96560724138559,-0.509340155014273,-0.247116252424764,-0.940492872100774,-2.46301102940053,-1.52940366336343
-15.0220421744764,-0.494630632384382,0.804984394971709,1.29371803735584,-0.0982770075008762,-0.646017721649864,0.779994267604212,0.159102374249889,-0.528943416760768,1.17652925737756,0.167508850486073
-32.7764265849416,0.433201627860695,-0.256557862947846,-0.699950901391834,-1.40951830676525,1.17747013999716,0.683104598075138,0.598505871541623,-0.863326479184215,1.12678453382926,-1.26350321341093
-28.7193673452909,-1.69550749500967,-0.106027782045305,0.272827871449845,-0.0429847295825987,-0.651406115456802,0.284876545687741,0.574098306645967,-0.089687342021395,-0.818002176755301,-2.75353651066092
-10.3445208961831,0.65421975337119,0.853242333363048,0.0967348121913786,-0.764779583558774,0.654776192675923,0.463373228727819,1.83903791223084,2.5738819163942,0.612388682142238,0.168186761536052
6.75689610955133,0.55012622103721,1.59438968914969,-0.327095151515878,-0.211420997947748,-0.114164750647387,-0.886789271334652,0.211627400150596,-0.0586922325926965,-0.395717640032255,-1.17128006790563
8.97883905353674,1.58849741079511,0.45498283638342,0.391031378943703,0.153454615011055,0.682100486615331,-0.0273009128137301,-1.47413498282472,-0.0721923902107451,0.534042842819097,-0.733441549942123
-1.70485301819772,0.616736211855207,-0.835716642310009,1.00131520202827,-0.64974599649079,0.385928286721719,0.107626856764131,-1.62792291826178,-0.86446286534885,-1.19767136426447,-0.443892678580299
-38.7667816695558,0.732774432386496,0.314721239337338,-0.61757941907137,-1.88166175636899,1.73574135451974,2.31393328972283,-0.127487758333156,-0.385134056908638,-1.04269659038169,-0.847724931561594
-16.5729848979968,0.14575170467609,0.214291606322232,0.715376982370583,0.377665341121921,0.0769186815900325,1.07214193088489,0.375115070222006,0.59599242618816,0.500549919502518,-1.1545049115574
-18.0911479589177,-0.440699867160637,-0.883144613924108,0.644843514460809,-0.357892884413151,3.01018513203194,0.551487831463112,1.00300750777452,-0.0159754217529402,-1.06498052483692,-0.971853129605815
15.2502274172785,2.00843885837266,1.38836823895975,-0.0959417134294807,-1.0084449635348,0.304357337464444,-0.486353077178743,-2.19848686444599,1.05516661696837,-0.141171371303707,-0.374523372214861
-20.5283054799062,-0.727124458482777,1.57378393709947,-2.43737810223739,-1.28122229801315,-0.247340799839053,0.417999408189393,-1.61156946193368,-1.12810501835158,2.23458221770592,-0.731032871474986
15.755060546245,0.596816055563304,0.57326436069633,-0.258735614320513,1.55618500701199,0.0763608982609883,-0.411376864792078,-0.460449719532772,-1.07686153965436,0.160087467397652,1.45721348187358
-0.76172027212135,-0.627660960433476,1.99057681524775,0.306341746744072,0.437153719095071,3.02565826502022,0.819192519107215,0.49891339982505,-0.28083849010949,-1.21404586167449,0.82487446751867
-17.5221597203386,-0.0303619123904561,-0.928682845284003,-0.481589859255855,0.0944350584520933,-0.806537843436353,-0.843019779950204,2.81705312618222,-0.30957575200631,0.451732423556326,0.60461038713073
-17.2415433332844,-0.266058700460116,0.371482908625141,-0.285918590055475,-1.2293954492042,-1.30196692961586,1.60054529659166,-0.830449598696463,1.78546440304445,0.74320337482369,1.01290850896577
-2.32497873571323,-1.27699706119861,-1.77187408647868,0.355361587401814,1.08647425753435,1.80185488992379,1.1416558032803,-1.41863808904056,-0.751598492197312,-0.795809004227299,0.698707028304129
4.16474041748169,0.406368973240528,1.72030111258072,-0.353409222592277,1.56333573679542,-0.0137188150665093,0.624833341433439,-0.630515602934931,-0.864817854428318,0.683711714289375,0.0968094588629228
-30.1042848082117,-0.820426524692303,-0.247534044217241,0.772370319623141,0.377135220454798,-1.00505182684368,1.9171889911529,0.580543118697444,-0.643453787598732,-0.0778144022334434,-1.45798816391737
-18.0451283166825,-1.23808281326274,-0.216269720531311,0.671493617706321,-0.610421641253738,0.211794799779594,-0.103320521945908,-0.186396777729624,0.461717411501024,0.407693271609406,-2.80236674344377
-2.15898218370179,-1.19956751057796,1.39224353083729,0.989500250665078,0.848359321682579,2.35864872662214,-0.242982551064198,2.07821251505755,-2.61410169066674,-0.517908648633543,1.36999469514347
-21.8692150879429,-0.865900979740506,2.09536749444053,-0.340365106390527,0.39163601366396,-0.308155656488499,0.971448900363754,0.849927944630982,-0.990182135238296,-1.91856884094581,-0.101681775440431
3.51155924584649,1.61678802739106,0.0791333846972169,-0.606230317323504,-0.64677475755444,-0.766609062734692,-1.05687297003258,-0.184558257837538,0.0159176751791448,-0.136329593358201,0.575455845343123
-10.2240546225475,0.643012311408218,1.31007058639189,1.19973407607276,-0.741004884105306,-0.486836337624173,1.10502037557364,-0.336581783550368,-0.319678926121609,0.838869406069688,0.64015032750111
-3.63813711863095,0.392345273620684,-0.521463931761034,0.511801630161643,1.49321719688346,-0.790320190496677,1.34208646619439,0.396300718703703,0.275869091554194,-1.12340498239306,0.649011181690571
2.56111473988495,1.42679747240854,-0.880147136903953,0.52390889126217,0.391369759045402,-0.464408512100587,0.531899658248349,0.140262140196325,1.1131432927735,0.0180144607485727,1.92339762604373
-21.2628458682947,0.0916089593273653,-1.36589200183303,0.300698872265748,-0.445641352995376,0.303980461643957,0.0534615690722335,1.08573114004464,-0.958106561327901,-0.348150184102064,-0.245507289950508
-17.74094310383,-0.341404275153369,0.195888104256897,-0.160597160192813,-1.55912634419723,0.498969849130768,0.0498206718496848,-0.262097997856192,0.276306866751432,0.253632899264297,-1.29797593351066
-10.6502775051743,-0.210525632544855,-0.669565834143609,0.467417574967704,-0.994700715007134,0.0911363789689892,0.0795253166121075,-1.29347363318623,-0.468878269994752,-0.0961020574896291,-0.190711328686228
-7.00054955554312,0.758068018935785,0.103535552782471,-1.19544268889142,-0.559190662370319,-0.684171812207689,-0.00282707757806958,-0.665962287945507,1.92920734188482,-0.528391333783365,-1.06037668259751
-30.4048924461431,-0.882701459767717,1.47893408156977,-1.01652375146795,-1.64363490839037,2.74531379861127,1.15492668531433,0.0174538122117355,-1.75285324823264,-0.131767076242907,-0.0659671581083288
-12.6835185263044,-1.32441217651694,-1.7594676418151,-0.92298495930012,-1.38426939421708,-0.29122882004493,-0.372598034518477,0.0780769568203369,-1.593515032191,-1.67770122124147,1.08313907423088
-9.9058245595806,-0.212359729562504,-2.15688641404017,0.479933644548771,0.702796878060888,-0.0465488803136822,0.642659341453254,-0.646087317833308,-1.61581583081962,0.160325102776426,0.224999777877238
-3.02296926119533,0.869828026466454,0.663347217297412,1.77862726278324,0.0933407735809226,2.17905502663991,0.0655461713311799,2.99587856614991,0.577013670320454,-1.21346584438761,1.2974316330523
-35.1258662763979,-0.786104099612016,-0.311537309737727,1.25873528130221,-1.15125854122642,1.61798483350745,1.04341285068014,1.57899497930922,-2.23168952009734,2.17083937815743,-1.11482713926721
-10.8899981748762,-0.209784262469251,-0.446717394693444,2.51004128105741,0.475148454548036,-1.22596028502022,1.5233745744271,0.03693585492723,0.472780014983447,-0.441812176903196,0.197888321913608
-31.0051590944744,0.755206041117078,0.339719529339608,0.198738786323472,-2.09477693917193,1.69710283018771,1.09265097145539,1.87066599023157,-0.862614907626401,1.21492328689709,0.156371775231177
12.9605553519381,-0.222640540991917,1.12367688242356,0.284768626107282,2.32234903904187,-0.623351216905618,0.518985240114729,-0.440007493157183,1.05906941140066,0.990745761853933,-0.200027222869399
-14.9869640361496,1.32684345432658,-0.22876884555024,1.05635130891733,1.51002798268946,-1.36364351942414,2.2433152926396,0.192401535031461,0.307777938748094,-1.03568205637943,-0.876296206453312
4.14792076238259,-1.25222983387473,-0.122069607807934,1.38438064193595,1.38283999136572,-0.726458692953814,-2.1751795816796,1.67412155788521,-1.11687891082941,2.36600241624334,-1.85447882590254
12.3795004251387,-0.841859616573618,-1.9372877356011,-1.74736290844092,0.73822661497117,1.67003237152605,-0.401635936963555,-0.920433133579903,1.00385458863547,0.456145273002185,1.68474438557509
-23.1161836569253,-0.186975107970233,-0.655485827986667,-0.942289088777661,-0.467708845032801,-0.216238474796202,0.80331550844508,1.02114433733134,0.74287308789164,-0.470896442487384,0.489572790195505
5.19235611040931,-0.595959017645397,-0.53578198090703,-0.0342731279804911,0.744249038487638,-0.0160050185014651,-0.684826954696317,-0.114830231621714,1.53104828265263,-0.59059914523469,-1.25953398645557
-7.79356265897954,0.785419244119773,-0.0719121864618582,0.445045035852998,-0.275729729417786,-1.00276138015973,0.25948194305643,0.391870737194129,0.539643770315025,-0.243410868793442,0.548024923566292
-15.0011837741045,1.47820740357644,-0.750105730003408,-0.855174949590926,0.0133548519226441,-0.195615372081593,0.808810317891873,-1.13004695537295,-1.26315443255959,0.545518199741969,-0.442460187452798
-1.29209839325251,0.409814626771022,-1.40521469639207,-0.272406402865861,0.604718797444529,-1.48897844857132,-0.134688204038272,-1.25640439281138,0.895490900945662,-0.0760895088412306,-0.576618845134135
-7.19589694598537,1.51719107835264,2.10663910374229,-1.21182180335299,0.0531825785966552,-0.0573590593967624,0.986027592980204,-0.559407306578661,0.168487718174092,-1.11745455208819,0.17948315832757
5.70076221117863,0.227777659264053,0.83306337133343,0.732069237974198,0.404940259837176,0.51924585236441,-0.68314459358471,0.722095886189982,-0.815153948203998,-2.57736227577243,-0.216075013014868
5.67775592015485,1.1871148190523,-0.111081896784211,0.236121104191088,0.801199397951066,2.01885736619625,0.100104839095686,1.22044877716638,0.592446215635346,0.116212462663558,0.868691747240609
-6.6057679994931,0.00449080640116841,-0.736744243092158,0.847898871733459,-0.992500344870787,-1.21556377098247,0.113285685742823,-1.50794822510778,0.236630412311024,-1.17077732237749,0.221864460745956
-8.36603879178093,0.138982613125464,-0.648786930890289,0.908928420152807,-0.511939015988891,2.23773507084521,-0.104219798213335,-0.0580119445255622,-0.876144332087432,-0.0653234443562618,-1.30776851727741
-8.76672424167186,0.333016970984725,0.129568451880837,-0.262741423099545,-0.646070396084005,-1.50066070777144,-0.459595676779001,-0.218959469372294,0.61599134337468,0.0874160334243993,-0.542218659156719
-2.39210038282783,-1.83020968185038,-1.03426394719344,-1.80543419428194,-0.969519570474283,-1.35960008872951,-2.52622987483466,-0.40817864004428,-1.90067210578169,1.49069724563812,-0.283782700859918
-20.6883991513487,0.758649271539968,2.34821580897133,-0.611108300845431,-0.83170130364196,-0.754793249497954,1.48669257191953,0.67004801934926,1.39266652305989,-0.244195614892523,-1.58094712690991
8.11001286537567,1.75206173734575,0.270817612974725,0.485800799518109,1.07995705502614,0.436105160429566,-0.633955946327796,0.816603840061584,0.151542812551035,-0.113209462824378,-1.39588380674511
-3.46890569957068,0.469108230820702,0.0236286659597419,2.73675822766947,0.581381836587223,-1.94287884542653,0.957394381109874,0.511021415130172,1.39619732140003,0.845531783973799,0.573431545685247
-27.5179916155438,0.27037204114778,0.0181035772221675,-1.83232351739391,0.47311235429266,-0.569740630996215,0.759907560574789,0.440803554804161,-1.4853259674467,-0.946543647296826,-0.786798155106527
37.213669295475,-1.64879417579036,0.224113043529505,-0.675157830522144,0.902939094168982,2.13151601155324,-1.72244939240528,-1.95517957485103,1.26211901910261,-0.360162584440237,-0.649874379534989
-8.5309630237364,1.25229083991411,0.211004018490418,0.667746099399212,0.0816910728031261,-0.182620090716053,0.485787847231158,0.369273708949636,0.69508785825047,0.0295593306354849,-1.05811102780473
8.82870827564088,0.0424882644431209,0.73074666263149,0.424593575864547,0.749903475585791,-1.56103688590271,-0.710467406924123,-0.136496256703931,0.381053001901859,-0.431651708835564,0.315740929725972
5.85865731211896,-0.868335077723924,0.0847811381994243,0.55132345245155,-0.137338355834265,0.346791401132846,0.228365133105343,-1.83831461477704,1.63128708368597,2.00113390698834,-0.207516685064905
1.86969949335535,-0.271194198468298,-1.15430061874769,-0.244582035379832,1.10826125341481,-0.924458018474979,-0.174885344074079,0.413088587824013,-0.289311902157428,-0.184290490032534,1.74610346785242
13.0101855623006,0.181990144125808,-0.33886212929266,0.130076081774119,1.26839957390998,-1.56390398818975,-0.863170652831543,-0.386580262863924,0.286180184266402,2.43284271226243,0.949636646389273
-0.705569492784195,-0.555513709967877,1.66025649906944,0.867601187115649,-1.22775569749739,1.13196428939486,-0.304148932485312,0.0269364295577436,0.0984301212638177,1.60662269048444,0.22807343110265
-23.3702146604357,1.69924745911716,0.918131834194581,-0.931840666032384,-0.0852528414942287,0.82042950604819,1.53227436770915,0.788330333801314,0.0606755273498159,0.198701045795588,-0.627998400981454
-7.18036881671328,1.99637700781921,-1.68556173334183,-0.847293338226658,0.281467756904407,1.26580543762842,0.55933308130621,0.905912838006536,0.766283462522872,-0.0242442850248032,0.458441746827849
-0.149960156120853,-0.0824078638610868,-0.059842894849279,1.80445806514717,-0.706028249605891,0.354982295454446,-1.01376803321887,-0.278568829911656,-0.114161889958343,0.467200372857137,-1.19998569163117
-21.2381602651236,-1.0710496482993,0.401287288421787,-1.84504141774218,0.314940876075643,-1.45183732858485,0.166542892076376,0.274693373497998,-1.02546713370302,-0.208364936277623,-0.243593131101729
-8.89400473072455,0.152036995204459,-0.0999552590508416,-0.42987318838127,1.63484226545665,0.156171142050065,-0.00914615321754518,1.2296997664819,0.876869967394994,1.62328598379645,-2.48508454369949
-11.2615944946761,-0.32585852706368,0.818026626579207,1.54867440998058,-0.705104401675479,-0.58277699065079,-0.312391960558698,0.0305031495069807,-0.399026696290278,-0.933852890544683,-1.67324009206357
-9.95436295189966,-1.44748239775414,-1.49244224737004,-0.530821169884965,-1.32919608795851,1.67452199824871,-0.772183823697341,0.533425493983627,1.24391517264906,0.999870266901608,0.217245812463182
-31.5008451355679,0.532456056006316,-0.742561852454392,-0.403403007719712,-1.21150860236927,0.944475965012512,1.09442526433668,-0.574086491850022,-1.81736586953878,-1.05026019360954,-1.03767100509658
-0.380995307215513,-1.0066301852849,-0.439439068071281,-0.631083423482787,1.11426580280588,1.39781625532413,0.390194421104318,-0.77738787074645,0.341900177255347,1.89948065707091,-0.967854306095932
