"y","X.2","X.3","X.4","X.5","X.6","X.7","X.8","X.9","X.10","X.11"
-27.7774106675896,-1.62778030540706,-0.228379741898837,-3.34199818566219,-0.589850437453608,-2.55143200182009,-1.54866937813343,-1.47442709828456,-3.35262175678887,-0.218919927972988,-1.76125162426226
8.90314885134755,0.433657921589366,-1.53804468054052,0.327533238286907,-0.845716361663589,-0.507989634023251,-1.50454921395574,-2.02241084037202,-0.421024109833408,-1.67882255590704,-0.225271794627072
-26.7842223348425,-1.42496125891336,-0.811263654822628,-0.839578057861672,-2.24850234913781,-1.46429410064109,-1.20968583352842,-1.68907382509355,-1.46597973759055,-1.2663694813579,-1.12653937854007
-35.626452668339,-1.36807155161878,-1.58602442565296,-3.28737359840074,-1.67734545186992,-0.344070310637279,-0.873897258055633,-2.03714975445163,-1.55714029230774,-0.689521145040098,-3.39293647974974
-8.18548819828506,-2.62190411403919,-0.857466311171412,-1.58314204743718,0.214688891115542,-2.08496602638472,-1.72797814433957,-2.21193329070831,-1.9287477727706,-2.32639108549016,-0.682693642581129
-16.8253627032047,-1.4345550146996,-0.827775356169914,-2.52190651880814,-1.09653203554769,-1.47470340567125,-1.62295562458089,-0.587098121482324,-0.0814773164651712,-3.32685384922935,-0.721817584496679
-17.8594083136094,-0.475911535130777,-1.70848122701858,-1.64722108576949,-2.60900973166737,-3.27840381672033,-3.32515339174559,-0.916022590153798,-1.13130293474219,-0.521385798277993,-1.92239308655756
-33.9824914171364,-1.00619698133459,-2.83925539097588,-1.08127616078011,-1.86323261986746,0.0328465753692542,-0.236035062953664,-1.01915625339801,-1.67173936371443,-2.37759094324196,-1.06055767805534
-13.6927983106767,-2.25310720178037,-3.1833998504628,-1.53821284528158,-2.45846150632028,-2.42955335316544,-2.1320721763799,-3.13047929444532,0.81550355211201,0.273760741163556,-2.02757609870875
-24.1203105665043,-1.35801369198921,-1.03222953393965,-1.81387931076303,-2.24527862429912,-1.65713887664914,-2.13832581107156,-0.969907310095524,-2.20127680145612,-0.522333127830942,-0.401204211757342
-39.7501105147138,-2.97048718921959,-0.846598543999926,-0.963206081120771,-2.81040510403097,-0.456148310741669,-0.740004419031527,-1.95836945002014,-1.66496080548878,-2.40339279277274,-2.85443222434172
-47.1954010145372,-2.36914743243378,-1.85355644910234,-1.81058672221008,-1.59053233473664,-2.72759061488058,-0.252343280732189,-0.708934470079068,-1.35144227498491,-0.430376990185879,-1.96685455660981
-43.5100056568528,-1.33306565306088,-2.553638552043,-0.0540546544094125,-3.1678129608133,-1.93575587588337,-0.945166872197247,-1.98276637178833,-2.34072413546815,-0.777154922787885,-2.51126617019481
-27.0124042965775,-2.2212358483731,-1.47818241083547,-2.85359656657544,-2.31880510908454,-2.86508125094807,-2.29746375341629,-1.27500779837032,-1.00391625682132,-0.308888401886826,-1.52992899965033
-33.3260488768927,-2.58501464700393,-1.6584299550441,-2.84005974788513,-1.51590387398386,-0.614083808339216,-1.43620723815059,-1.37813592842893,-3.14524044703836,-1.7769187828158,-1.55218126930364
-14.9383659582464,-1.33879340839837,-2.05131826969275,-1.8059330393073,-1.00338876654552,-1.45013487980926,-1.06908659334059,-2.14713331149899,-2.67601329841501,-0.164659718820123,0.947946952082485
-21.3678759182976,-1.1941236642002,-2.71080287842666,-1.2457911865331,-0.0740894294629493,-1.76583476522599,-1.20265550457649,-1.95357474432742,-1.68862424900193,-0.699671095473653,-3.35648092108153
-5.64967035048782,-0.551718158465758,-1.66881548268757,-0.303490290145209,-1.70116937440352,0.287481980008168,-1.42823406149573,-2.21760314850125,0.321982015640177,-0.679499778147709,-1.63317105140062
-22.1293692576445,-0.0417885905234452,-2.109250405459,-0.0528190012780345,-1.75157346448194,0.298574598406436,-0.920582413214235,-1.72781314164995,-1.9943546722473,-2.2272262421832,-2.31096189605336
-42.8536252602521,-2.12991843556769,-3.37727189541075,-2.43190901110205,-1.58395583953708,-0.983456678477987,-0.592715731108,-1.87797108821624,-2.76657943498164,-2.2540788652757,-2.46620472919228
-27.929914916631,-2.44505020869209,-2.74205895873904,-1.54107746780428,-1.45261245012082,-0.152274803489302,-0.249924544515159,-1.64604579755053,-1.26382403302578,-0.577393527601937,-0.162857137866376
-41.5017135943534,0.0469965090458222,-0.786714967620989,-1.11798691843213,-1.59377642297782,-2.5324579463967,-0.715034993357371,-0.63106705040438,-2.51039368929107,-3.95179555156181,-2.15280129703529
-31.9955264784442,-3.57701329913852,-3.38657274757039,-0.51246028452532,-3.16929844629612,-1.16394344459893,-1.30236564819393,-3.71401762758836,-1.57147376426237,0.216999624176397,-2.81251478102918
-1.14339510270873,-1.79246253966125,0.191034606962871,-1.88454666040149,-2.30431433316964,0.0482224129556343,-2.45096943735101,-1.8763823627791,1.00478927555385,-2.66253685951362,-0.914640165736016
-44.9907374778473,-1.8935327578665,-1.26442103997463,-1.6755881491214,-2.07796103714114,-1.83241254223791,-0.641920309457823,0.049870010868919,-1.30585463257956,-0.447005254786003,-1.59937671288152
-39.6098253413217,-0.518567538620762,-2.42951642297029,-2.54199683299475,-3.06190294294781,-1.62163396916977,-1.67627601325845,-1.62898458456143,-2.68492714783153,0.336280091225865,-2.02141362645227
-40.6106033515059,-2.30750565999125,-1.75178219119355,-1.92728607433721,-1.17764951261453,-3.53965978716871,-1.04752864878428,-0.316395096597919,-2.00394648026344,-1.70299632570318,-1.39189346282749
-5.73275077290403,-2.52702438584495,-0.609931057067975,-2.02582996292658,-0.247797675491782,-1.98269070468273,-2.70049654975766,0.04771892814215,0.463733481416962,-0.848723592216304,-1.43618937290831
-34.4031168886041,-1.28298660139512,-2.23245433928653,-2.33530726748586,-2.47123998556076,-1.14753101026236,-1.53414981128673,-1.16350382749773,-2.52022886638055,-1.26315541502702,-1.35056018519569
-18.9278862735706,-2.85032914186629,-2.61230010601978,-1.89374548537374,-1.72070855448518,-1.32639452907822,-1.7740262435705,-2.61414603643205,0.124400472985551,-2.16699004209385,-1.53827459446274
-16.6801296762543,-1.53831488063168,-2.08275362135482,-0.471150173612012,-0.862979951027111,-2.60841611318972,-1.09408157596427,-2.7216890028094,-0.311586445972824,-1.29906048147317,-2.33303343220413
2.0731838454992,-0.686541579455427,-4.68566206057476,-0.966779001116475,-0.322099155822517,-1.99202764175768,-2.79602221552357,-1.77506721491581,0.335427530275435,-2.54040715946402,-1.15408967940397
-32.5717139754913,-2.13601496066945,-2.50972132174691,-1.56700867819299,-2.05814559706096,-2.21575592906345,0.25082927307036,-3.66862904375742,-1.79478358363685,-0.023126465462292,-0.222572893402406
-65.9900888088317,-2.45077626894012,-2.01131940569916,-1.82651559787836,-2.42168812281774,-1.41671130619695,1.83355407917251,-2.68767511925874,-2.76390517321852,-2.11560752599584,-1.54865817914707
2.00501666750184,-0.46162054546112,-1.52880638223494,0.512138413631843,-1.97649072802318,-1.81128344309062,-3.65324611812442,-1.13781076861621,-1.61504565885781,-0.711950058177301,-1.25558955495825
-38.1370936521869,-1.60154687088344,-1.06843768104948,-2.7212316950124,-0.429017633016472,-1.55375959711356,0.665034688682793,-0.717909993998396,-0.853347861688941,-3.09399030349203,-1.44057462026607
-19.8113484857147,-0.262272714738231,-0.658406368390294,-1.64639721033198,-1.45578551718644,-2.08759385402781,-0.861660998966947,-1.68155823499406,-1.54356643397335,-0.806688349232335,-0.93035664910016
-50.1151959617468,-0.765753921311253,-1.22246905841544,0.127197291515187,-1.29825500840969,-0.77758750522652,0.94684729162794,-0.133552354748955,-2.45033025078396,-2.24154268806556,-1.79185615298499
-22.5902179706452,-0.110943758507378,-1.68172601956937,-1.80396091574881,-0.641874827095699,-2.17590969543992,-0.953474259082421,-1.78843120569192,-1.0229395638215,-2.1813613924367,-2.75866739731098
-5.8657542029162,-1.95898463768833,1.41798794912844,0.561995873006468,-3.09378699058885,-0.476725799665627,-1.49166557809556,-3.23777589241882,-0.315960901282654,-1.41616534648208,-0.720916235421375
-11.4907983268565,-2.04377896536117,-2.92949406315394,-2.62710095281131,-1.62109381293487,-0.228170907735697,-2.95610879334021,-0.804295396795295,-1.03290188340683,-3.33648458670358,-1.09667191634435
-24.8500077241119,-2.43528098420411,-3.06652029420858,0.864491014990301,-2.69189437648595,-1.75712220079272,-1.71149519358507,-1.55975206885461,-1.3223775753348,-1.67676095886812,-0.477944592373557
11.6924602323829,-0.584440843680311,-0.251016714981297,-0.00580815748460028,-1.23836590361482,-0.702206852044576,-3.06943373453355,-2.005614214249,-1.38613515941613,-0.245256496363432,-0.776704852272417
-13.8494117094303,-1.56112105417354,-3.74253101020442,-2.0799405635425,-1.10729650259553,-0.398307914780122,-2.53779665374874,-1.97014282344841,-0.713085803445951,-1.95522235012254,-2.65027388516783
-24.4991256651764,-2.80708076720467,-1.81593041295492,-1.9103283179322,-2.52005745771024,-1.20707313908179,-1.71250206293691,-0.122304434393277,0.0237758332245452,-1.56514806124628,-0.452943768117156
-32.3067461881594,-0.77081887751803,-0.877290485606694,-3.06375080708883,-1.8980396905226,0.242869759339334,-0.68443429379702,-1.56770292797324,-1.64630977946045,-0.32837478298741,-2.49895560242358
-14.7160986675397,-2.0877841645013,-0.573555382672325,0.00302956401742782,-1.34618634570481,0.0990168302802199,-1.87444547680554,-1.02177320638046,-2.11967319637937,-1.71748895805066,-1.81907443872298
-41.3845223016725,-2.24068608760781,-2.18709407409032,-1.73190820153451,-3.96664720512532,-2.18507497148212,-1.03480905042533,-1.0909291370783,-0.672638349613469,0.066993332548879,0.281316131888847
-12.4591150956253,-1.70841080421496,-2.85514177097859,-2.25289706852924,-0.840411310427459,-1.82194058482199,-2.808687912391,-0.600374718580382,-1.31030185125909,-2.1900121728212,-1.49401570935712
-30.5708439652246,-1.58787106619176,-2.31013074898998,-1.14307494157496,-0.820807623355778,-0.12533219060981,-1.04022462463902,-0.957831147210376,-2.05979727130797,-0.275629764574253,-3.57087936896396
12.0222101674185,-2.79290152327333,-1.86325847924053,-0.323047987527782,-1.45659078090224,-0.805936127846088,-3.64266884503813,-3.16260594744266,-0.493346972401908,-2.50585977226917,-2.26846868192814
0.865909495880597,-0.543187598575227,-0.930128310730426,-1.25891510193392,-0.743591824158749,0.404444792758861,-1.14810278623181,-2.15170801893834,0.732107718527749,-1.68467184087886,-1.83710402563176
-13.164247184226,-0.762128138991768,-1.30297045822148,0.0183236167514773,-1.46718162720195,-0.891714286253847,-2.01320344386975,-2.42256735858198,-3.39052760712667,-1.05046736387393,-2.22426769070556
-31.421738821716,-0.592471016465606,-2.23302306407774,-1.98940920419589,-3.2032306953289,-2.79577610824048,-1.65642779335583,-1.25531032995844,-1.49462241658265,-0.454585918935302,-0.0548030635646231
-25.5223406403523,-2.00914734820646,-1.61758067108041,-0.569585250057853,-3.39887635918646,-1.3003585498872,-2.65640377048644,-1.13748011373124,-2.75362445188354,-1.43389661202464,-1.1549919723295
-15.3338742209776,-0.636771430001463,-0.547846727028082,-1.66224703721488,-2.14349199148152,-1.83380243792006,-3.73980613018566,1.01084563104961,-1.57626785488671,-3.40424388381345,-1.56645812755037
-50.8060692712389,-1.85912453439195,-2.20302323763823,-0.550982854778956,-4.43192015101435,-0.630860272581851,-1.12716015343833,-0.939642252301351,-1.87961916535736,-1.83571147664084,-2.64530951479655
-45.9774551838089,-2.21451409844683,-2.79840205955351,0.311454127794799,-0.937555953399821,-3.15571909693531,0.739750346878246,-1.90801077920055,-1.71872946033282,-1.39340264779587,-2.41432362964226
-39.4024490387696,-1.56772314726531,-2.71045722202755,-0.466761339825316,-2.36368592030933,-0.143462342945705,-1.31094388074052,1.00696332871926,-1.81075453215928,-3.23515717506982,-1.09421909934892
-48.8550525550426,-2.13860417172416,-0.896825293145888,-1.51386282279623,-1.93860842194095,-0.819817402185308,-0.4411446464909,-0.621148926009453,-3.54320896723155,-1.42966304387008,-2.29527576421773
-17.1905852335519,-1.74079117415295,-0.741775625682602,-2.83451783392214,1.05817125145779,-1.68195952023519,0.00806074290343739,-2.56701085131051,-2.33899802408072,0.34529604302409,-1.53363623733222
-22.4426988156047,-0.444250874557391,-2.30200261580647,-2.48862145527022,-1.96071424852009,-0.552705623793392,-1.52742801204821,-1.79308875840352,-1.84605753925816,-3.93502789250087,-0.964231620615545
-27.2777399767572,-0.701782044905286,-2.83259223683338,-0.564935368116751,-2.61842347276898,-0.373282206715315,-0.59407761324007,-1.16520048535554,-0.0320596231899704,-1.65569240847654,-0.717526028763002
-11.1076386720867,-0.0632412723124955,-1.44922079570181,-1.8031232467874,1.857021308911,-2.34959402409623,-0.2479322651335,-1.62405969632406,-1.21012206491869,0.848798364553944,-1.59640729080501
-8.8411179118753,-0.294860478330291,0.935171017565191,-1.94502891822556,-0.70752364085081,-0.463456403411119,-1.64494259889671,-1.1852387932821,-1.23882518319211,-0.876971490868816,-2.34773024240133
-13.1266261346134,-2.1231545748866,-0.257398526976211,-1.24602040043386,-1.19200559169435,-1.36435516447736,-1.49222503563605,-0.892970792570194,-1.46444589160084,-0.817818923513845,-0.101295517685807
-32.5169331033589,-0.714993696912631,-0.937878126983354,-1.10013997177319,-3.841434002874,-2.69103246051265,-1.91899525028519,-1.88525552644071,-2.47040058375808,-2.60663998854826,-0.883796945244575
-5.49183084929129,-1.30086660383141,-1.2725781141978,-1.01738430722306,-0.332846933383547,-0.663815292588677,-1.54868041953959,-1.71172209101988,-1.02391152352894,-2.64492691073705,-1.44400464832295
-42.5713577941127,-0.770103924170639,-1.53347440206606,-0.412337627063424,-1.35268674061656,-2.35660883020186,0.314322360206947,-0.123181188077292,-0.598106103682768,-0.585719113289684,-0.892105409293274
-9.50344799931568,0.879446206518138,-2.98529231599897,-2.43053515895501,-1.6252305451757,0.0843661439147392,-2.62569406312021,-2.37777762282682,-2.44480423483981,-0.430366754983352,-3.21807311462249
-21.9149723024113,-1.41364082381364,-2.57130126873197,-1.75886170843508,-0.834809394829024,-1.77223229892853,-1.20502583209413,-0.554250061305617,-0.461217167489117,-0.83868639474791,-0.969497067401486
-28.5234289724763,-1.53279481853957,-1.13454613994759,-2.55612918400586,-1.70433557953891,-0.993453736400205,-1.73392821947666,-1.23767229569606,-1.63196086529361,-0.331963294369454,-2.34851719440211
-16.2726398102946,-2.38260319584909,-0.842612875429373,-1.22813115949359,-1.7710737829265,-0.995997303132275,-2.58179158677911,-1.59973014607469,-1.99939450604724,-1.96365669100736,-1.71990587826114
-9.34253341553537,-1.70317022316232,-1.32361887976451,-1.35094998035329,-0.767982817156667,0.0833631162957276,-1.95754998400083,-1.36931188842122,-1.70750963945814,-1.03962992519214,-1.84289471931246
-9.07302077794188,-1.94648224315162,-2.04500866930488,-0.627516828347183,-2.28004406694936,-0.369462702041536,-2.13317206280037,-2.46796055014586,-0.9433099696041,-1.70165263286126,-1.39169245770316
-36.3831563085932,-0.751546471135902,-1.47652554019886,-1.48718199761797,-3.99157846573684,-3.10064492378295,-2.90301926492326,0.516447473973806,-0.97181346208422,-0.119571474981882,-1.03587911961865
-33.7411668887168,-1.10291374751619,-2.52783924421534,-1.20906041496306,-2.22987419889463,-0.841752673049213,-0.637753378367143,-1.61003569648612,-2.07960107301606,-2.26794694302575,-1.32446690688525
-25.9738146408336,-1.25951636532757,-1.07586127293616,-0.36381518229945,-1.08498984911483,-2.34294564555302,-1.16224723509927,-0.801629794692648,-0.196278171394957,-2.25157105176935,-3.15917848987833
-16.25537269961,-1.90355712969082,-1.79104597859345,-0.717886051309389,-2.20051143894681,-1.31173736635861,-3.10591541793149,-0.208427705494202,-2.06429021732884,-2.41250294462505,-0.95131518796317
-45.63910444586,-2.17929991707002,-0.675347696917489,-1.03157352177348,-3.1070760297882,-1.67366960817511,-0.320687351534368,-1.14572284572308,-1.6886553744319,-2.46692882685069,-1.13865365982515
-12.0027558984839,2.01759991069184,0.912359753068643,1.7475516421667,0.227903877828693,0.774842265321961,1.93038182176362,1.42771093006176,1.95527113187534,2.08279573000321,0.544653241612928
-31.2532949726755,1.93583214025596,-0.361028867779836,1.65598756563861,1.22463568474532,0.955790134303406,2.84264899102215,1.90524711357141,-0.900137710657856,2.22576342733117,-0.064051074541245
-1.54905858652188,1.82864391956761,0.0206999218970866,2.36018693991071,0.452192479821229,1.870401093582,1.79490955566108,-0.559309503403316,1.44097254283796,1.02571824426849,-0.401676657665555
-23.1227487923908,0.00663242264779207,-0.845996263865606,0.464738550862326,0.799644962747945,1.45686462469733,2.21222674541287,0.767717177099142,0.620106048491505,1.41657487154705,0.433521314711725
-0.940508262124604,-0.853835508134172,0.953007422450842,1.74370428865953,0.730622752834017,0.47658594447124,0.920190524889436,1.84319316773469,3.37675957216251,1.25382396769356,0.692146292084252
30.2096162173066,1.30880866877032,2.96640735060755,0.454413763985968,1.99023322112509,0.350397380300303,-0.472259222895196,0.323896796547371,1.42013242663307,1.42464917964972,1.06284987768796
3.40557346740236,0.703419786057396,1.94230839462863,2.95294605119135,1.56217009526528,0.523432635934045,2.20048303507116,0.606006310070261,2.06729444932405,0.969878292439584,1.06440010428751
25.42201870488,0.0154658055519259,0.350906722098956,2.06253169668939,0.907332065736946,1.37250527390972,-0.975664155554669,-1.14199595292571,-0.431728506275946,0.454750341357884,0.802509711399964
-4.13708340912477,0.765639601952265,2.64896822084301,1.7945668926348,1.83867947536339,1.55188081283805,2.97515308457168,1.80948189434432,2.1375859921238,2.43218219903167,1.10421750224645
-5.04014655709694,-0.0185938418179956,1.87644296835331,2.02106334956095,2.08058280696507,-0.975670961828378,1.49760196569773,2.63992999198739,-0.371121485280756,0.584472613392524,2.89715640693052
-6.0434647134155,1.8106240518224,0.67119703813276,-0.261656488041694,-0.556810014465671,-0.461892590055583,0.162619995936011,0.979186408388957,1.67481259966771,1.28132700168809,0.63312847461368
-15.5939308368216,-0.943186496360608,1.52613574309546,2.41645495010699,1.25013401625095,1.24667574541316,2.29921471942534,1.50688466937977,0.93948355557794,1.20457883796082,0.138194818037589
-18.7096463462648,1.24625528475298,-2.07805086922202,1.47565896777737,-0.168318269088374,1.90879824224105,1.04869979243364,3.73286663522445,1.47730358786941,1.31582337692991,1.57822519100132
2.90017320856433,1.15489739474359,1.5318001301976,-0.449725224050864,3.2822382215371,0.790005154809988,0.92636667535919,1.9907950357307,-0.755564471400049,-0.815118107823619,0.648741880151165
-5.62511270090693,-0.14327870708442,0.356899780210854,1.40533202568238,0.292079813086159,1.19295178156113,1.83374637306588,0.279314412664764,1.31067797967104,-0.92283371025034,1.92659640791835
-6.9827008526811,0.103432951119814,-0.206634892918125,1.74197250029463,-0.311381485045394,1.56411798194724,1.65302802034141,-0.358660771816623,1.54255389722702,-0.0764968024271824,0.643953634860057
23.6398506017243,0.960380613304378,0.53869111834978,0.520248841516141,0.877837575043776,0.866711016941966,-1.48122651825342,0.766326414934132,0.828776269558153,0.00288135273868129,0.802677894808123
14.2228064081049,1.45770046208603,0.453105991805711,0.709170971388695,1.21078537652497,0.264818481901621,0.662362625894581,-0.224904013126848,1.47406375411306,-1.85648902320606,1.93034697955436
-22.3160193607876,1.31823514702495,0.821382007301043,1.69591213986712,1.56730817155752,0.766978655599326,3.31018290519625,2.66805651066537,2.21026665072721,2.24085072256119,0.4169320158774
-17.9778235258655,-0.25280157525216,-0.711463679630773,0.906315270390131,-0.179336157733722,2.26045703850436,0.945463190069534,1.40418688788181,1.45416500089767,0.871867761239307,-0.768757187561377
6.64422374481496,2.15841927538264,0.301977431554146,-0.569495761780236,1.17731650266738,1.93039177580058,0.329633661789064,2.12127621406325,1.29550068307562,0.717110765182052,1.51871301050562
0.915869159036432,0.67974676120897,1.5681729605871,0.486858258538809,1.09386620907775,1.11602846822849,1.56542725691583,1.0335226371938,-0.195579475318751,-0.265853328848392,2.57193904274035
-8.57246414892149,0.665862898776099,1.32141421115433,0.511819966790061,1.37779917045009,0.530482552109694,1.47398350679115,1.49452949264313,0.512297668726852,1.12256662201544,0.920426626496488
8.37326095460163,1.42977129558463,0.400219966670395,2.60409011275762,1.67416631132609,0.568843767958165,1.54900383454531,0.553625179581617,1.58601863263321,-0.495454160556023,1.21583196742493
13.4251992780383,1.0721097842155,1.36918392143108,0.770727428068236,2.12678688072577,1.06928744576442,0.759774860627694,0.711706022249119,1.02404076993098,-0.261372442273162,0.724801159566411
-3.23177021868614,1.53598759861419,0.906045280854786,-0.562581470239156,0.00456046165041801,-0.338881081002617,0.869634158726353,0.908278870359505,1.0479887234252,2.4634388095259,2.03500692424843
1.82445159069755,1.44578828889389,2.23344531858769,1.63674683616271,1.06821899853933,2.1966660024966,3.49555899116837,-0.427985934846863,3.17421073954899,1.55673429219033,1.59824901142652
-3.90223555530695,0.619818763864864,0.910937102111881,0.603351421843956,-0.402149915818573,0.935684967954202,0.531375051542989,0.897652475714603,2.01622540844037,2.22641437207421,0.213792811379627
4.58944977854951,1.08133238138902,2.46490676766283,1.92743756044288,1.21790399332665,1.80371698508334,1.31259106478918,1.85386324942412,1.20139476780549,1.19059506401112,1.72778177174921
7.22427952710423,0.922197309713358,-0.951285976766607,1.94431355799623,1.54734117434604,1.18878528506893,1.00081236311386,-0.0332283504125388,1.10892258468559,1.05265594149514,1.41737621568003
4.62304031621609,2.20661524119868,1.19234054708219,0.672004974991702,0.81461837971128,0.968275226859371,0.888944190695528,0.106461952854678,1.97426643623674,-0.47686164366538,0.120918416728327
-31.4338087421504,0.506284499957681,0.434518856396808,-0.0625482696006248,0.109239793374321,1.02741027900132,2.33573099471541,1.9787327834321,0.522600150742934,0.511811650307185,1.00858688863168
-16.0953562108631,1.48370629228795,0.708598970512229,0.514977573840992,0.383626185699192,1.11785443292711,2.29739297276872,1.27162381858718,1.46991709690996,1.5800769975828,0.579933161544821
8.41124386690728,1.24740425857813,1.67796920079017,2.32481627413688,3.51856614882027,0.888649558308774,1.30869907263617,2.39414073686288,0.623977236125124,3.73891925042401,-0.675978478542169
1.79210738905613,0.301917605427924,1.37840295106375,1.87055983454108,0.506773702074257,0.734709149145331,1.10447265742605,0.277185110291382,0.280665450422769,1.07561081772875,1.2027066875858
20.227698334875,0.995559460792401,0.764201061328603,-1.06248934505639,2.4748292265511,0.188514694578144,-1.2831292563015,1.18122403973175,-0.0306618824227005,-0.0200141923960442,0.596715896850564
4.35908372479799,1.69653836862372,0.533174622729589,0.697209660145306,0.86706450806733,1.86674338250698,1.60687458950975,0.667977641468164,2.04092533514663,1.09741947882253,1.15381222149168
-5.63689947790123,-0.177628267369057,0.986705046096059,-0.91192919710032,2.55870716770407,-0.189813588158557,2.10229850923746,2.08044667054412,2.31193507737498,-0.656668742144492,1.1833007666845
-44.5256952691086,1.40560147904077,1.35993703539303,2.02653952953255,-0.602511258742035,0.776764013370661,3.38807170336619,3.67842467510252,2.03840737623251,-0.420837601510851,0.234831566993985
-10.9958108679455,2.61627155110084,1.17079260320285,0.506573207050916,0.778526395173801,0.0254940861832972,1.39189943301943,1.28477620587162,0.780280416289573,2.47131057336995,-0.440617655417597
2.16797660871721,2.71047064638767,1.42831951924893,0.600798845744921,0.943988426247807,2.35646409618443,2.39719590609365,-0.826057508448193,1.0247399401329,0.232512010452307,0.106539079906945
-6.22750412463016,1.12161492011617,-0.711203084166199,0.835161240190237,1.41788217495901,0.596252106976031,1.74121450204871,1.12286490189307,1.63593884923351,0.162073818544607,0.746303201530514
-8.92638664808694,2.06939980971025,1.23641627777339,0.897144815324192,1.64789947173249,-1.7335663892573,2.71199412889618,0.717962068673007,1.5875846486291,1.41531592669847,0.813488513958575
-5.00750122500315,-0.567987774093312,0.252192168468524,2.09801546367845,0.983467567409339,1.48853230641353,1.26434305993835,1.44853319729452,-0.112870841289474,1.72906791499593,1.87828775788385
-4.5518731717121,2.61714532175083,1.82597523786825,0.0249176401752332,-0.0105200511461625,-0.56628017333756,1.56917669506384,1.04697425117357,2.17773865831661,0.859393361218625,1.20682146042797
-0.957313933274757,1.004550576258,0.287592708872309,0.959145263898106,-0.131232998803112,0.723973439846035,0.514766345038675,1.75375310568151,1.19507429674155,0.712343504040045,2.5233704417775
13.2254415789248,1.72933675577167,0.153320261175885,2.13350177911286,0.627851542845113,1.48009120046215,0.221030396366667,1.76854614395264,3.04138972243503,1.45018072765523,0.530518230621553
-4.03613141498047,1.77937394966548,1.91848039626381,-0.0862905464680506,0.803668942737811,0.20440568905107,0.969157282537265,2.00056624430437,1.2733982685301,0.67879415586318,2.00793767297913
3.65118414661337,2.16405518866112,1.40625513094865,0.255348486856117,1.33140206789875,-0.13321985868378,0.800862308232978,2.00494373584283,2.43761511990313,1.02941122328636,1.08083476145437
-23.7704288778203,1.79300866370782,-0.79412014429036,1.35154134216798,-0.857999155312223,1.61211912285773,2.18857371928816,1.90279606670861,1.26054110300467,0.893235180236509,1.77484348920664
-16.5402814915352,-1.56931679736016,1.38156706752141,-0.420740897560776,0.455687290060467,-0.0635606829165209,1.22758679074162,1.59050084265779,1.23907106611751,1.52612100112323,1.6942586782165
-16.4305003240485,1.79942866463991,0.0502687171824572,-0.695947842065366,0.993296291713495,0.983178242671724,1.87253015076324,1.1873609811039,1.09078844969196,0.556191805555862,0.774118584273014
-1.58111576572833,1.44545673105298,0.700016557754535,2.79557862625125,1.23588283406392,2.06185458426219,3.11887098215883,1.26093597164803,3.26637131160198,0.597004211238999,1.63144774242232
1.00287050205677,1.01092447210541,2.27818753188631,0.783277572888329,-0.32223487080877,0.433133541424619,1.20734300815284,0.210547439981301,1.06049837706162,1.19957868003163,1.63753925796671
-17.5627881817895,0.305018900125378,1.8023432027647,0.685308766318907,0.903790914072213,0.903519087151668,1.39353842606337,3.27048844655455,1.85578897379415,0.16798099699995,0.189098804886686
-12.1376763923493,0.998553773520671,-0.928166653474186,0.946157144722143,0.231098921908395,1.18524393161216,1.02915830310762,1.5112166459176,-0.398089554709406,0.382590929575642,1.99736186984619
13.9583526638321,0.236397773518188,-0.186484051716868,1.63173128273159,0.743151830857939,2.58796605171024,-0.0562307163491889,1.36469598366208,1.50314311141175,3.40318075040898,0.794508459738118
-3.53117920691023,0.796121821485903,1.4228873428355,2.81291574190931,0.451014078150662,1.32282033395149,1.55681783692796,0.376208184174505,-0.30697613099008,1.27295484287861,1.73321359578651
32.0698691615997,1.19882205543262,1.52868045878667,0.302961269936189,2.69131929395145,0.739749671454358,-0.327797806370724,0.952146700658342,1.92274584992027,1.09831857830638,2.21111174660378
-7.99026455584681,0.593027556218014,1.20104472767491,0.754506798264319,0.055029025738764,1.98246136609669,0.732955277584905,1.4793519376899,0.630508265074382,0.81053439757545,0.559947727821096
-9.4792879109358,0.357046478776525,1.40196704180273,0.699867724434901,0.816557002476834,-0.347113302040237,0.56959024923811,1.78708829573319,1.21409411318005,0.449091626057285,0.17158136090399
-6.78576672852685,1.48353107420592,0.845706746334184,0.481468072100427,0.179644434623064,1.16763555458324,1.38858092529732,1.2153281404136,0.957592387998575,1.01419780223704,2.2632989047729
-12.3258445410743,1.18547434084533,0.789414912209283,1.46844466776636,1.08717798851962,0.31592672064471,2.01950602296997,0.766019267660159,1.00363055374864,0.244467113140776,0.0320091892243709
-18.2730180410688,0.395724607048423,0.405130766876908,2.25143465010813,0.424887456054972,2.16805254221998,2.15804918837858,1.51898033757608,1.16983480862865,1.96945973735841,0.156832405025748
-7.78643730669544,1.33885959205844,0.619761050963128,0.534550785198445,1.85366372828429,0.469335766732617,2.56077938791648,0.611858425191933,0.692101072145345,1.12259093529826,1.3065873017037
5.72931104976915,0.754545974325827,0.0119056574469875,1.30903140616874,1.1653286063759,0.400121265847565,1.33466018194907,-0.0878104087564089,1.47769211565494,0.488790894321112,1.44967357720314
2.43637455246289,-0.0802804647253503,0.343427623742994,-0.18979077521162,2.21437081360237,1.34137581292614,0.869995976072597,0.212974994505722,-1.30084946870616,2.21935649960135,1.29468152017969
10.3850816227402,1.08710050546115,1.00775787844413,1.37782395644791,1.01378773249233,0.966566063832763,0.0321291149935992,0.48599271613153,-1.56673170657728,1.71763112578941,1.24212941424359
30.2153519572694,-0.0650857047552833,0.489190263846693,-0.517392798230643,1.3115156891701,2.81604461140686,-0.423924574970493,0.654807296258991,2.60516092873285,0.778479153638374,3.04745849906327
-1.73201039393746,1.12168270650968,0.834604047548629,-1.51534139535219,1.63738711908529,2.63769328641672,0.853586271236091,1.15805311638173,-0.413237542872624,1.36625729541154,1.15583216169771
3.00856946056939,1.97437317459529,0.0262915574098536,0.099042586243675,-1.2230602299141,1.71493228070838,0.0408208080470563,-0.861867140746306,0.350124357364873,1.55248712950589,0.328581996697053
-29.404497048891,1.23531443589924,1.27342953967013,-0.314579119356636,-1.34138420650629,0.803574749722879,1.06573778962991,1.16749290978144,-1.11960822014245,1.30385038999375,0.368492990845572
6.36381832698281,1.24280657173332,1.93416580865069,1.43340122675481,1.13691424104113,1.40747989938483,1.10015323849655,1.27021381740753,3.07798585809668,0.732799855904857,0.015400777191234
-1.37625761664909,0.073552923890838,-0.355408804899833,0.731135001306376,-0.714809828688155,0.843317911587381,-0.943649878569561,0.982658761274024,0.495031283268169,-2.33510841147146,0.869162716847303
10.4009749660685,1.96862167199423,1.46906534415752,2.10193223150125,1.52169470179048,0.559111394732516,1.15851410329178,0.359694616682167,1.63257099734918,1.42502293038431,0.336395285327626
-19.0354357625124,1.99374668767526,-0.137814039309701,0.599450092300795,1.41785083521148,-1.12773657998822,2.88659125820899,0.856334965621178,0.805047723831892,3.00633097476658,0.966373350145346
21.9024752512018,2.52734004295339,0.734891910007384,1.19468159970783,2.61304937341768,2.06817070344725,0.151005789962783,1.45711876164152,1.15023622563113,-0.233961002261319,0.384128161161101
-2.31728337130749,1.35188924035919,-0.508070818846026,-1.19083631485815,0.0766187145645718,2.39616549357622,1.55605467758728,-0.177062104228015,1.46445781434319,1.24577279214255,2.10511929564636
7.90477590405975,1.42921145410507,0.541971236520784,0.584681637973978,1.54466774800309,2.94488563182971,1.45993907524538,-0.0489846989292881,0.542244132740409,0.556337991330981,1.74633832495702
-24.8605543025417,-0.427358356149567,-0.932548234050809,1.03226155051765,0.906801025987238,0.529094995876604,1.83507908260462,1.53100403360138,0.103875239050454,0.28208097143883,0.785701367025446
-0.84385190817457,2.49798207068695,3.86461974944983,2.65691233828215,1.21473663963397,4.61600872607491,4.99470018354205,1.41775245488872,0.896396322224612,1.86601276446641,3.77694363775877
4.25562545325808,1.92182551983429,2.12646689940518,3.54779668871641,1.66585460517668,1.07479861607402,2.94755880025062,1.68254393889244,2.00745797747793,1.44925680254939,2.58765193746465
39.7852179587177,3.64018219985761,4.84912370853619,3.2805889557772,3.4506286204068,4.47173011337973,1.53609180537462,3.05563170518823,0.80167413683122,3.65188239259288,2.4716160294074
17.3467771739505,3.8391605989804,2.97471679808894,1.03547238994896,2.83740312010222,2.59592393847332,2.7970625560926,3.15418586470319,2.7270949067712,3.15460542107219,3.12090440709169
20.6505748680172,2.62618326555319,4.27235763321484,2.28964853999859,3.7698027975937,4.0866207678969,3.27528377844086,4.12246781378217,3.53588276721492,2.29586143018522,2.06703999018085
1.94358403594116,2.17685936925047,3.4059529513929,1.82216383837691,2.06040798187655,2.38756343021104,3.03670529141014,2.29127286850194,0.722281537486037,3.20906118008932,2.51210406340833
51.1503757437548,2.6164768668943,3.60586061023349,1.93002540186253,1.96524378965226,3.84911074692053,-0.0295083801252125,2.48368966703937,3.68981980045976,3.40695532037237,2.83528281797988
46.5985063155533,5.0497609143629,2.03607768377114,2.78520555406519,3.36134217988106,2.88465004090982,0.76725996440731,3.15760111449122,4.27287931229838,2.67767252744496,2.82431557291136
8.22662010010697,3.00553984105475,3.82908997659603,2.38068320952174,4.13466919648125,2.23340713610634,4.68898050493482,4.33716753655214,3.31685735375252,4.20163516156679,3.51336370902105
33.7380477447134,2.2300481399599,1.87324896764481,5.22442487356232,3.63131818507895,3.82109788046767,3.45598563120367,2.46264756359822,5.26278836379681,1.06822120130697,2.7960338153771
14.7595521218568,2.39559909850052,2.27711656132729,1.99828476049712,2.35645503894646,3.92495024140931,3.20947803301153,2.39836096721195,2.1409816946714,2.81973610683603,3.89866080951949
-18.354727352986,2.87902222820595,3.0891188165931,1.82016730924552,1.67984977782774,3.10483197813056,3.78928358291028,5.01776933604135,1.96420177066129,4.00773306859376,1.87273344505201
14.8465351547553,4.19301512447461,2.87667756365558,2.5803907868779,3.57258494036567,1.27887736693515,4.87221048139441,1.64224636743171,3.5663900151977,4.02934450639164,2.71162799010391
10.3982740586341,3.08346387221912,1.35675647505718,3.64334494881317,1.94628888285102,4.10746624028379,3.30190902782279,2.96371427277359,2.93139208188941,3.70224947654736,2.79935787244704
28.3877329215879,3.23017331595111,3.28457910304309,3.04683269958408,3.60090722704347,2.27783846929949,3.32499287739814,2.36161703715423,4.36564174349514,4.50459283204107,2.55787561379005
22.2037754504143,3.69799422620081,2.48587261030157,4.74575429636962,3.68982226456228,3.47759041595464,4.52647481850911,2.53024009421589,2.90126056349563,3.14359308109057,3.48443450235258
20.0423423249918,1.29136737904427,1.58821040325474,2.45885371398258,3.30842702829964,3.29626256035171,3.13039720745872,2.52575367555883,3.66061448102628,1.54389649475218,3.46149699133809
32.6204027592723,3.624670782385,2.89044106718983,4.38615715220236,3.09593524042444,3.76706852470293,3.29972664867166,2.55313503750428,3.85293476693532,5.21147968555777,2.66252202412237
7.40449564274189,3.64195402941467,2.92601197607022,2.63344999694375,1.09080239207396,2.7947811888498,3.27366574626328,3.43278362111796,2.98708397583059,2.17932415725898,3.71304088092969
0.500186366990054,4.84974971595283,2.05620139494974,3.45957764082828,1.50947438123819,4.0834371047841,3.71951632662951,3.62528975007727,3.04066135154576,1.72418460491681,1.44039084950979
21.4967826763779,1.94819516498961,3.32966195012077,3.56335045604504,2.35527817973554,4.08160675928258,2.74433561170009,3.48093939835014,2.56573214937397,2.98286788880623,3.59947342863217
21.2831280223548,3.30147787411804,4.0471899506596,4.20703809776187,1.79409451534386,2.22023157012527,1.4656511145083,3.71402704740466,1.67764780032299,2.87562318767812,2.86057643449584
16.0987807563703,2.84870958358376,4.28081619816547,4.48315143571256,3.77806573224117,0.494488865791707,3.39485894692464,3.08521359847687,2.17636104542077,4.96866311875312,2.28208198875023
18.9732782427382,1.81191699268316,3.98063843649702,1.96522793745543,3.01342806768788,3.62008016757766,2.58721248977313,2.96568923354093,3.08846929904238,2.26600459232683,2.17391801568642
31.6976704354647,2.62531235238811,3.52478218569129,2.76203627272918,3.41847506914316,1.7057859864897,1.77170033008648,2.98397619334666,2.77903726769866,3.53216086321312,3.32117610575784
24.5703268038213,3.1270991318087,2.37608452212023,3.64709492114602,2.29132719871948,3.28313349500307,1.7109893131184,2.55593763739544,2.43021571023466,1.81152030102063,2.67068955415129
37.2137649007822,1.94687193059231,3.00555984209353,2.53677535601163,4.54832599443935,4.37837667913735,2.87513700692949,2.24494655836078,3.63091298343694,4.02352707589406,2.87537982606171
30.1436150856095,1.86569524912704,2.81816781287402,4.34712924509568,2.64575961026321,3.06582431837617,3.43873019885711,1.29243196147937,1.72548551839505,4.05772330065986,4.58498933522128
4.16373248666266,2.13872882292199,2.48362718509802,2.96261323515512,1.92881508383142,2.4794562391396,2.30754516195074,4.41713576844717,3.09342081563014,4.1622008842891,1.99911502579239
22.7028451642618,1.18745383437793,3.47165115667302,1.8128233579588,2.9094298958065,2.93611352015315,2.01624557104569,3.15030766883965,2.90348812556096,1.65907259285686,2.785217938412
10.438913093145,5.09587081970224,2.802032785756,4.93338061941259,1.51105192479981,1.25283337616576,2.9808304295263,3.58718334242968,3.56272897586427,3.11324635173654,3.22940001762527
21.0775276780523,4.04737436974092,0.534855773231259,2.52089580928395,3.96560650526404,3.95177426998541,3.14810038986164,2.77759323778811,2.08089598865583,1.16957896553047,2.63247773433719
18.8263024816247,2.94549503780442,4.27632385886564,4.41402105319402,3.78886229531174,2.30145981796425,4.62332680667102,4.25393329162734,2.93972635703629,4.20486003877336,4.41980379596559
30.1413164797483,4.67384539879664,4.3757245087906,4.46602525652768,2.11920214840754,2.83922879445866,2.72698024998245,2.58431514510396,3.4197491455651,3.01973902418801,3.54662216538191
36.5681936369485,4.71981845554342,2.75929910935013,4.93103919666345,4.13540607932474,3.37284406102121,1.9822827134847,3.92223616013174,2.06440206906727,0.873254712924432,2.07519802818545
7.48941900216232,3.22405797253823,3.28771150379114,3.43817438431504,3.13724684678938,2.04073826943081,3.61723170706894,2.29779313383538,0.775428244404322,2.94977799119815,2.21816331875647
29.647310574927,2.27950918786491,3.60098960475694,3.19714038667201,4.76417442834644,1.41117998633784,2.58963870122143,3.30516931197755,1.80676091443928,2.76182591955511,3.50628375787215
45.4105612495789,1.6620117178939,3.66379384931462,3.46176064653102,4.2622456798368,3.73964271784603,2.10217018247131,2.38963182943242,2.95502106151527,3.77640530839963,3.84510107054572
20.1942967448994,3.72016597010079,3.53055895573106,2.38413272471223,2.39461098809713,2.21818171219716,2.81138314005717,4.45933385954704,4.2417082746255,1.18310246836789,4.69333546945698
22.5317063852049,4.21273927376385,5.13407439610004,4.41371345131225,2.83608489963849,3.40366954340999,3.59044543296178,3.98962695589568,4.40816455285153,3.62716684390499,2.77863245327361
44.740604354203,3.57781714629089,2.87440132634367,5.0498104159314,5.30467482721474,1.74067521191415,3.36472431736682,1.42698944546322,3.91278314305646,3.51809210264345,2.64654204856016
31.5706289810744,4.56462429954364,3.06719824812138,3.58377706689347,2.61949801674479,4.41682092795398,1.84170330060559,3.34691391032165,2.09226731175696,3.14092183008203,2.90925197955516
23.5757335013635,3.57371125273984,2.37885231710989,3.47342672890881,5.54685646406397,2.03426908916424,3.39178928083627,3.2929814256191,1.36757234241168,4.45727194611984,2.76574447053862
48.4285609194301,2.84196845601696,3.22845910377844,4.792746609602,4.43611866510851,2.79571347265239,1.98659715311571,1.21663149962626,2.0054279082373,2.50640347796987,2.67921891398927
14.8673444075406,4.15652493770452,3.58749320248287,2.97636728440986,3.26247351322197,2.2593083620021,3.87783928835225,3.67287127669716,4.28231846399974,0.877755938132073,2.93906270457282
-11.5763318939247,3.16134026831368,3.09082664777167,2.87870182019057,1.45424845207651,1.5944515884122,3.37791135817214,4.57351318458588,1.54272540967655,2.86643339874129,2.99453338798754
-7.37103190782313,2.82416120033749,2.16888328022756,2.68878668012521,2.77922039089159,3.72589013427731,4.48497794517253,4.90098837257895,2.43764454843374,2.57239964651683,2.99069253215584
1.82357584309752,3.36717202952047,3.97779574206504,0.269767506026568,3.6716119288376,2.08230979282305,3.08607471111095,4.10128350046635,1.95534721912862,3.08779481052181,1.75721193211012
14.8103440381047,2.43935130705798,4.22434072958591,2.20907713619129,2.99525309555164,4.35943374304794,3.40806734445714,2.06934183360286,2.82826460958455,2.10171718133173,1.80885512614014
-1.30985112188262,4.48439095171887,1.31504326739353,2.31022530090746,2.04262088183155,3.28041155686102,3.96595919094733,3.58766586440394,2.74991888430839,3.93060371837275,2.82613358499871
3.79686215266014,2.3437648684839,2.24322718594314,1.31893401350279,1.69215277969716,3.47200863655073,2.99884708740173,3.566135584798,3.52275123498516,3.96861322747545,2.43361890781825
-9.04183132651308,4.62525640187041,3.12373911407275,2.64974910130679,2.33007255229367,1.35182245164864,4.5713515362491,2.70232667632635,1.40497105883489,2.993212563022,2.69586024009894
-2.52204429344028,0.955772474353561,2.46078851833354,2.39686629783984,1.18977059896966,3.51571793956748,3.36504075256157,1.90402287462839,2.65429544141186,2.53450841927181,1.6408389635117
34.921953400405,4.20322194725159,3.12434965557799,4.13549907943552,3.49536165495332,3.01411050004242,2.05430152035995,3.90032194195468,3.80210270765386,2.11736589830618,1.29506331197825
7.51789798580367,3.04330868676883,1.40470892992278,3.24250375159644,1.36896750616287,3.55043995356081,1.94013520587096,3.46981414518714,0.713877960586877,4.12035631690446,2.82268601561401
15.4980801608299,2.82770497137428,2.63138939015042,3.52369725575365,2.71119316165138,2.65125235079691,4.47087939998622,2.13347882230361,5.44774025194959,3.33221727657774,2.80451472330948
-5.62147921403785,1.75519531386702,2.15889476228047,1.60630714419493,3.10569714281703,1.91110318380374,4.59514727538056,1.92231744587476,2.43352174405211,3.76121690183205,2.32353449909995
10.710293592553,3.01160909083234,4.44973646575253,2.90725042454342,3.07635220545565,2.23924167616177,4.55493065494359,2.14761437650371,2.62322559017908,3.60798799590089,3.17675134316877
31.6872331582046,2.11852884307463,2.45035345530809,3.05604544179042,3.69512783818087,2.74040058125804,3.12023243562556,2.94246968711056,4.53439810719674,2.48136254614383,4.48139250492647
30.0874477199856,3.49899452496285,4.45253386873432,2.98938026373655,2.60034567444323,5.57488612703632,2.36600707629434,2.26797464866103,1.61436962411547,3.99840715889632,0.806141057532244
19.7927823265592,2.0758546072162,2.76103316253872,2.7973873525652,1.8290283322762,3.49664607125665,2.08484837474783,3.37875108355661,3.49411519590932,4.0739792888497,3.50726042627487
19.9022374875788,4.27669990212107,2.26703371767816,1.98534195405238,4.56176522677143,4.63223070481682,3.67297306664931,3.73940250477251,3.8324417834224,3.410662117109,1.46927271064735
35.7665945666628,2.02899202606294,4.36439829465412,3.3753711649991,2.79488070334196,2.31685920143576,2.09665754753896,2.52147209282484,3.45381982108388,4.10869177579094,4.72170099604204
18.927203690683,2.37734720164993,3.40991718630987,3.80736633335511,2.31119918766294,2.77915748518102,3.13152879560257,2.32514589868531,3.34751170826976,2.17358978981003,2.99286454509418
-3.75913449990418,3.8825965373004,4.67641105531722,2.23359132443789,1.16009743643087,3.90527535202562,4.08051111137037,4.47660348969824,3.60670593761687,3.55964038194535,2.5068058147786
27.5263577801837,4.28365934404478,3.02913213038209,4.50052564547061,2.38433960049116,4.24465892334994,2.38560147032101,4.02369183039403,3.43067449187298,2.21653420636199,3.70405591313504
12.8553768706135,2.22087502377665,2.23778963309312,3.23267274628707,3.88060503995315,2.55159051777312,3.88557238691508,2.80689708235873,4.05306097677019,2.51387034014552,0.740749596822585
-3.14807085946122,0.796372375064527,1.90445840181161,3.91414819614802,3.33589733849784,2.91244348409945,4.20123188469474,5.08539751685426,2.26107015376397,2.9936634436989,4.33613883906542
14.2651806319205,1.49747566441916,4.39608858704717,2.97077234946038,3.13981116597457,4.99848805712719,5.32055093813848,1.5890180935755,3.16126299284109,5.46544942363467,3.41372657648006
19.8722988512347,3.04742674367498,2.1370123002252,2.55601983523791,3.01059014038537,2.16692246200795,2.46016618970588,3.84544741137683,2.49475386171535,2.03922740646895,4.41503716778623
33.5552222839579,5.87549734182033,3.07599160677015,3.20985311036512,2.8137226349387,3.62117133150618,1.74990328744885,4.52613270122632,2.9294632421748,3.13117118793411,2.64312031983229
27.8223256372663,1.52405817176439,3.66817075364584,4.11295731793175,2.41710108667893,3.38005138605251,1.25902710830768,3.23111720142636,1.23419465994298,3.9356724478105,2.58178586288898
5.65449536194907,2.08606049767043,1.81462200970269,4.75888498614456,1.32587051107505,2.11563591984319,2.6755613590855,2.46099591127548,1.34545480401199,1.5951112485112,3.49768739161961
36.1462048029609,2.38060467936547,4.49597803176465,3.58474010776201,3.27909851863769,3.82068591438554,2.07607583569849,2.60121674907899,2.67277924089936,1.08127188339975,2.52195341511773
20.7160966956817,3.18059555943053,3.64110833751663,4.08396494874223,2.50918819410672,1.38526030489866,3.10827897655131,3.26571670170356,3.78160607343636,3.76426597340914,2.77048311231908
18.2492345080071,2.23788956497019,0.227599403288932,3.38331082753479,3.52848924893249,3.09686204274103,2.58866283484399,3.29381372759771,1.44591780185933,1.54698325431383,3.20952852133128
21.5889887369044,4.4909802093453,0.881412576685121,3.22044862553154,3.33089124391195,3.44966039069044,3.40504065487428,3.37837680811441,3.9694260048293,5.02209343218315,2.56977952176265
1.29625889061419,1.43697608138745,1.80436384634149,3.93231012746352,3.47905924502974,4.26488648644474,4.11110448439699,5.63682823045008,3.91032806356084,3.32597313546542,2.63395299203087
0.211877908115344,2.85835790705312,3.37979523719997,2.00525355336215,3.45518403288018,2.96922898637252,3.72213754399618,2.60882366142458,2.30289052816549,1.33779497992461,0.0113622635528539
17.2237395080562,2.09737659321423,3.46941269359332,2.80247082453593,2.01055261363663,3.87967809810654,2.74900478938554,2.3183598004701,3.65156455541115,3.58500828039735,1.81890982545111
