"iteration","best_lambda","best_alpha","MEP","MSEP","MAEP","R2","X0","X2","X3","X4","X5","X6","X7","X8","X9","X10","X11","Method"
1,0.107952657857533,0,-0.012,0.022,0.117,1,-7.72702403142066,2.43180325576248,2.18811948286389,2.45418930363696,7.15604908403965,2.78689712240753,-9.72780290210159,-5.3137452975217,3.29348414233118,0.290311878509077,3.82883931803241,"Ridge"
2,0.1,0,-0.013,0.019,0.11,1,-7.72625378625766,2.43281072567231,2.18813933915126,2.45539277497448,7.16069517935631,2.78820563946333,-9.73368376266975,-5.31624030757146,3.29602928199136,0.290693613960657,3.83206264489773,"Ridge"
3,0.1,0,-0.013,0.019,0.11,1,-7.72625378625766,2.43281072567231,2.18813933915126,2.45539277497448,7.16069517935631,2.78820563946333,-9.73368376266975,-5.31624030757146,3.29602928199136,0.290693613960657,3.83206264489773,"Ridge"
4,0.1,0,-0.013,0.019,0.11,1,-7.72625378625766,2.43281072567231,2.18813933915126,2.45539277497448,7.16069517935631,2.78820563946333,-9.73368376266975,-5.31624030757146,3.29602928199136,0.290693613960657,3.83206264489773,"Ridge"
5,0.1,0,-0.013,0.019,0.11,1,-7.72625378625766,2.43281072567231,2.18813933915126,2.45539277497448,7.16069517935631,2.78820563946333,-9.73368376266975,-5.31624030757146,3.29602928199136,0.290693613960657,3.83206264489773,"Ridge"
6,0.107952657857533,0,-0.012,0.022,0.117,1,-7.72702403142066,2.43180325576248,2.18811948286389,2.45418930363696,7.15604908403965,2.78689712240753,-9.72780290210159,-5.3137452975217,3.29348414233118,0.290311878509077,3.82883931803241,"Ridge"
7,0.1,0,-0.013,0.019,0.11,1,-7.72625378625766,2.43281072567231,2.18813933915126,2.45539277497448,7.16069517935631,2.78820563946333,-9.73368376266975,-5.31624030757146,3.29602928199136,0.290693613960657,3.83206264489773,"Ridge"
8,0.1,0,-0.013,0.019,0.11,1,-7.72625378625766,2.43281072567231,2.18813933915126,2.45539277497448,7.16069517935631,2.78820563946333,-9.73368376266975,-5.31624030757146,3.29602928199136,0.290693613960657,3.83206264489773,"Ridge"
9,0.107952657857533,0,-0.012,0.022,0.117,1,-7.72702403142066,2.43180325576248,2.18811948286389,2.45418930363696,7.15604908403965,2.78689712240753,-9.72780290210159,-5.3137452975217,3.29348414233118,0.290311878509077,3.82883931803241,"Ridge"
10,0.107952657857533,0,-0.012,0.022,0.117,1,-7.72702403142066,2.43180325576248,2.18811948286389,2.45418930363696,7.15604908403965,2.78689712240753,-9.72780290210159,-5.3137452975217,3.29348414233118,0.290311878509077,3.82883931803241,"Ridge"
11,0.107952657857533,0,-0.012,0.022,0.117,1,-7.72702403142066,2.43180325576248,2.18811948286389,2.45418930363696,7.15604908403965,2.78689712240753,-9.72780290210159,-5.3137452975217,3.29348414233118,0.290311878509077,3.82883931803241,"Ridge"
12,0.107952657857533,0,-0.012,0.022,0.117,1,-7.72702403142066,2.43180325576248,2.18811948286389,2.45418930363696,7.15604908403965,2.78689712240753,-9.72780290210159,-5.3137452975217,3.29348414233118,0.290311878509077,3.82883931803241,"Ridge"
13,0.1,0,-0.013,0.019,0.11,1,-7.72625378625766,2.43281072567231,2.18813933915126,2.45539277497448,7.16069517935631,2.78820563946333,-9.73368376266975,-5.31624030757146,3.29602928199136,0.290693613960657,3.83206264489773,"Ridge"
14,0.1,0,-0.013,0.019,0.11,1,-7.72625378625766,2.43281072567231,2.18813933915126,2.45539277497448,7.16069517935631,2.78820563946333,-9.73368376266975,-5.31624030757146,3.29602928199136,0.290693613960657,3.83206264489773,"Ridge"
15,0.107952657857533,0,-0.012,0.022,0.117,1,-7.72702403142066,2.43180325576248,2.18811948286389,2.45418930363696,7.15604908403965,2.78689712240753,-9.72780290210159,-5.3137452975217,3.29348414233118,0.290311878509077,3.82883931803241,"Ridge"
16,0.107952657857533,0,-0.012,0.022,0.117,1,-7.72702403142066,2.43180325576248,2.18811948286389,2.45418930363696,7.15604908403965,2.78689712240753,-9.72780290210159,-5.3137452975217,3.29348414233118,0.290311878509077,3.82883931803241,"Ridge"
17,0.1,0,-0.013,0.019,0.11,1,-7.72625378625766,2.43281072567231,2.18813933915126,2.45539277497448,7.16069517935631,2.78820563946333,-9.73368376266975,-5.31624030757146,3.29602928199136,0.290693613960657,3.83206264489773,"Ridge"
18,0.1,0,-0.013,0.019,0.11,1,-7.72625378625766,2.43281072567231,2.18813933915126,2.45539277497448,7.16069517935631,2.78820563946333,-9.73368376266975,-5.31624030757146,3.29602928199136,0.290693613960657,3.83206264489773,"Ridge"
19,0.1,0,-0.013,0.019,0.11,1,-7.72625378625766,2.43281072567231,2.18813933915126,2.45539277497448,7.16069517935631,2.78820563946333,-9.73368376266975,-5.31624030757146,3.29602928199136,0.290693613960657,3.83206264489773,"Ridge"
20,0.1,0,-0.013,0.019,0.11,1,-7.72625378625766,2.43281072567231,2.18813933915126,2.45539277497448,7.16069517935631,2.78820563946333,-9.73368376266975,-5.31624030757146,3.29602928199136,0.290693613960657,3.83206264489773,"Ridge"
21,0.107952657857533,0,-0.012,0.022,0.117,1,-7.72702403142066,2.43180325576248,2.18811948286389,2.45418930363696,7.15604908403965,2.78689712240753,-9.72780290210159,-5.3137452975217,3.29348414233118,0.290311878509077,3.82883931803241,"Ridge"
22,0.107952657857533,0,-0.012,0.022,0.117,1,-7.72702403142066,2.43180325576248,2.18811948286389,2.45418930363696,7.15604908403965,2.78689712240753,-9.72780290210159,-5.3137452975217,3.29348414233118,0.290311878509077,3.82883931803241,"Ridge"
23,0.1,0,-0.013,0.019,0.11,1,-7.72625378625766,2.43281072567231,2.18813933915126,2.45539277497448,7.16069517935631,2.78820563946333,-9.73368376266975,-5.31624030757146,3.29602928199136,0.290693613960657,3.83206264489773,"Ridge"
24,0.1,0,-0.013,0.019,0.11,1,-7.72625378625766,2.43281072567231,2.18813933915126,2.45539277497448,7.16069517935631,2.78820563946333,-9.73368376266975,-5.31624030757146,3.29602928199136,0.290693613960657,3.83206264489773,"Ridge"
25,0.1,0,-0.013,0.019,0.11,1,-7.72625378625766,2.43281072567231,2.18813933915126,2.45539277497448,7.16069517935631,2.78820563946333,-9.73368376266975,-5.31624030757146,3.29602928199136,0.290693613960657,3.83206264489773,"Ridge"
26,0.1,0,-0.013,0.019,0.11,1,-7.72625378625766,2.43281072567231,2.18813933915126,2.45539277497448,7.16069517935631,2.78820563946333,-9.73368376266975,-5.31624030757146,3.29602928199136,0.290693613960657,3.83206264489773,"Ridge"
27,0.1,0,-0.013,0.019,0.11,1,-7.72625378625766,2.43281072567231,2.18813933915126,2.45539277497448,7.16069517935631,2.78820563946333,-9.73368376266975,-5.31624030757146,3.29602928199136,0.290693613960657,3.83206264489773,"Ridge"
28,0.107952657857533,0,-0.012,0.022,0.117,1,-7.72702403142066,2.43180325576248,2.18811948286389,2.45418930363696,7.15604908403965,2.78689712240753,-9.72780290210159,-5.3137452975217,3.29348414233118,0.290311878509077,3.82883931803241,"Ridge"
29,0.107952657857533,0,-0.012,0.022,0.117,1,-7.72702403142066,2.43180325576248,2.18811948286389,2.45418930363696,7.15604908403965,2.78689712240753,-9.72780290210159,-5.3137452975217,3.29348414233118,0.290311878509077,3.82883931803241,"Ridge"
30,0.1,0,-0.013,0.019,0.11,1,-7.72625378625766,2.43281072567231,2.18813933915126,2.45539277497448,7.16069517935631,2.78820563946333,-9.73368376266975,-5.31624030757146,3.29602928199136,0.290693613960657,3.83206264489773,"Ridge"
31,0.1,0,-0.013,0.019,0.11,1,-7.72625378625766,2.43281072567231,2.18813933915126,2.45539277497448,7.16069517935631,2.78820563946333,-9.73368376266975,-5.31624030757146,3.29602928199136,0.290693613960657,3.83206264489773,"Ridge"
32,0.107952657857533,0,-0.012,0.022,0.117,1,-7.72702403142066,2.43180325576248,2.18811948286389,2.45418930363696,7.15604908403965,2.78689712240753,-9.72780290210159,-5.3137452975217,3.29348414233118,0.290311878509077,3.82883931803241,"Ridge"
33,0.1,0,-0.013,0.019,0.11,1,-7.72625378625766,2.43281072567231,2.18813933915126,2.45539277497448,7.16069517935631,2.78820563946333,-9.73368376266975,-5.31624030757146,3.29602928199136,0.290693613960657,3.83206264489773,"Ridge"
34,0.1,0,-0.013,0.019,0.11,1,-7.72625378625766,2.43281072567231,2.18813933915126,2.45539277497448,7.16069517935631,2.78820563946333,-9.73368376266975,-5.31624030757146,3.29602928199136,0.290693613960657,3.83206264489773,"Ridge"
35,0.1,0,-0.013,0.019,0.11,1,-7.72625378625766,2.43281072567231,2.18813933915126,2.45539277497448,7.16069517935631,2.78820563946333,-9.73368376266975,-5.31624030757146,3.29602928199136,0.290693613960657,3.83206264489773,"Ridge"
36,0.107952657857533,0,-0.012,0.022,0.117,1,-7.72702403142066,2.43180325576248,2.18811948286389,2.45418930363696,7.15604908403965,2.78689712240753,-9.72780290210159,-5.3137452975217,3.29348414233118,0.290311878509077,3.82883931803241,"Ridge"
37,0.1,0,-0.013,0.019,0.11,1,-7.72625378625766,2.43281072567231,2.18813933915126,2.45539277497448,7.16069517935631,2.78820563946333,-9.73368376266975,-5.31624030757146,3.29602928199136,0.290693613960657,3.83206264489773,"Ridge"
38,0.107952657857533,0,-0.012,0.022,0.117,1,-7.72702403142066,2.43180325576248,2.18811948286389,2.45418930363696,7.15604908403965,2.78689712240753,-9.72780290210159,-5.3137452975217,3.29348414233118,0.290311878509077,3.82883931803241,"Ridge"
39,0.1,0,-0.013,0.019,0.11,1,-7.72625378625766,2.43281072567231,2.18813933915126,2.45539277497448,7.16069517935631,2.78820563946333,-9.73368376266975,-5.31624030757146,3.29602928199136,0.290693613960657,3.83206264489773,"Ridge"
40,0.1,0,-0.013,0.019,0.11,1,-7.72625378625766,2.43281072567231,2.18813933915126,2.45539277497448,7.16069517935631,2.78820563946333,-9.73368376266975,-5.31624030757146,3.29602928199136,0.290693613960657,3.83206264489773,"Ridge"
41,0.1,0,-0.013,0.019,0.11,1,-7.72625378625766,2.43281072567231,2.18813933915126,2.45539277497448,7.16069517935631,2.78820563946333,-9.73368376266975,-5.31624030757146,3.29602928199136,0.290693613960657,3.83206264489773,"Ridge"
42,0.107952657857533,0,-0.012,0.022,0.117,1,-7.72702403142066,2.43180325576248,2.18811948286389,2.45418930363696,7.15604908403965,2.78689712240753,-9.72780290210159,-5.3137452975217,3.29348414233118,0.290311878509077,3.82883931803241,"Ridge"
43,0.1,0,-0.013,0.019,0.11,1,-7.72625378625766,2.43281072567231,2.18813933915126,2.45539277497448,7.16069517935631,2.78820563946333,-9.73368376266975,-5.31624030757146,3.29602928199136,0.290693613960657,3.83206264489773,"Ridge"
44,0.107952657857533,0,-0.012,0.022,0.117,1,-7.72702403142066,2.43180325576248,2.18811948286389,2.45418930363696,7.15604908403965,2.78689712240753,-9.72780290210159,-5.3137452975217,3.29348414233118,0.290311878509077,3.82883931803241,"Ridge"
45,0.1,0,-0.013,0.019,0.11,1,-7.72625378625766,2.43281072567231,2.18813933915126,2.45539277497448,7.16069517935631,2.78820563946333,-9.73368376266975,-5.31624030757146,3.29602928199136,0.290693613960657,3.83206264489773,"Ridge"
46,0.107952657857533,0,-0.012,0.022,0.117,1,-7.72702403142066,2.43180325576248,2.18811948286389,2.45418930363696,7.15604908403965,2.78689712240753,-9.72780290210159,-5.3137452975217,3.29348414233118,0.290311878509077,3.82883931803241,"Ridge"
47,0.1,0,-0.013,0.019,0.11,1,-7.72625378625766,2.43281072567231,2.18813933915126,2.45539277497448,7.16069517935631,2.78820563946333,-9.73368376266975,-5.31624030757146,3.29602928199136,0.290693613960657,3.83206264489773,"Ridge"
48,0.1,0,-0.013,0.019,0.11,1,-7.72625378625766,2.43281072567231,2.18813933915126,2.45539277497448,7.16069517935631,2.78820563946333,-9.73368376266975,-5.31624030757146,3.29602928199136,0.290693613960657,3.83206264489773,"Ridge"
49,0.1,0,-0.013,0.019,0.11,1,-7.72625378625766,2.43281072567231,2.18813933915126,2.45539277497448,7.16069517935631,2.78820563946333,-9.73368376266975,-5.31624030757146,3.29602928199136,0.290693613960657,3.83206264489773,"Ridge"
50,0.1,0,-0.013,0.019,0.11,1,-7.72625378625766,2.43281072567231,2.18813933915126,2.45539277497448,7.16069517935631,2.78820563946333,-9.73368376266975,-5.31624030757146,3.29602928199136,0.290693613960657,3.83206264489773,"Ridge"
51,0.1,0,-0.013,0.019,0.11,1,-7.72625378625766,2.43281072567231,2.18813933915126,2.45539277497448,7.16069517935631,2.78820563946333,-9.73368376266975,-5.31624030757146,3.29602928199136,0.290693613960657,3.83206264489773,"Ridge"
52,0.1,0,-0.013,0.019,0.11,1,-7.72625378625766,2.43281072567231,2.18813933915126,2.45539277497448,7.16069517935631,2.78820563946333,-9.73368376266975,-5.31624030757146,3.29602928199136,0.290693613960657,3.83206264489773,"Ridge"
53,0.1,0,-0.013,0.019,0.11,1,-7.72625378625766,2.43281072567231,2.18813933915126,2.45539277497448,7.16069517935631,2.78820563946333,-9.73368376266975,-5.31624030757146,3.29602928199136,0.290693613960657,3.83206264489773,"Ridge"
54,0.1,0,-0.013,0.019,0.11,1,-7.72625378625766,2.43281072567231,2.18813933915126,2.45539277497448,7.16069517935631,2.78820563946333,-9.73368376266975,-5.31624030757146,3.29602928199136,0.290693613960657,3.83206264489773,"Ridge"
55,0.1,0,-0.013,0.019,0.11,1,-7.72625378625766,2.43281072567231,2.18813933915126,2.45539277497448,7.16069517935631,2.78820563946333,-9.73368376266975,-5.31624030757146,3.29602928199136,0.290693613960657,3.83206264489773,"Ridge"
56,0.1,0,-0.013,0.019,0.11,1,-7.72625378625766,2.43281072567231,2.18813933915126,2.45539277497448,7.16069517935631,2.78820563946333,-9.73368376266975,-5.31624030757146,3.29602928199136,0.290693613960657,3.83206264489773,"Ridge"
57,0.1,0,-0.013,0.019,0.11,1,-7.72625378625766,2.43281072567231,2.18813933915126,2.45539277497448,7.16069517935631,2.78820563946333,-9.73368376266975,-5.31624030757146,3.29602928199136,0.290693613960657,3.83206264489773,"Ridge"
58,0.1,0,-0.013,0.019,0.11,1,-7.72625378625766,2.43281072567231,2.18813933915126,2.45539277497448,7.16069517935631,2.78820563946333,-9.73368376266975,-5.31624030757146,3.29602928199136,0.290693613960657,3.83206264489773,"Ridge"
59,0.1,0,-0.013,0.019,0.11,1,-7.72625378625766,2.43281072567231,2.18813933915126,2.45539277497448,7.16069517935631,2.78820563946333,-9.73368376266975,-5.31624030757146,3.29602928199136,0.290693613960657,3.83206264489773,"Ridge"
60,0.1,0,-0.013,0.019,0.11,1,-7.72625378625766,2.43281072567231,2.18813933915126,2.45539277497448,7.16069517935631,2.78820563946333,-9.73368376266975,-5.31624030757146,3.29602928199136,0.290693613960657,3.83206264489773,"Ridge"
61,0.1,0,-0.013,0.019,0.11,1,-7.72625378625766,2.43281072567231,2.18813933915126,2.45539277497448,7.16069517935631,2.78820563946333,-9.73368376266975,-5.31624030757146,3.29602928199136,0.290693613960657,3.83206264489773,"Ridge"
62,0.107952657857533,0,-0.012,0.022,0.117,1,-7.72702403142066,2.43180325576248,2.18811948286389,2.45418930363696,7.15604908403965,2.78689712240753,-9.72780290210159,-5.3137452975217,3.29348414233118,0.290311878509077,3.82883931803241,"Ridge"
63,0.1,0,-0.013,0.019,0.11,1,-7.72625378625766,2.43281072567231,2.18813933915126,2.45539277497448,7.16069517935631,2.78820563946333,-9.73368376266975,-5.31624030757146,3.29602928199136,0.290693613960657,3.83206264489773,"Ridge"
64,0.1,0,-0.013,0.019,0.11,1,-7.72625378625766,2.43281072567231,2.18813933915126,2.45539277497448,7.16069517935631,2.78820563946333,-9.73368376266975,-5.31624030757146,3.29602928199136,0.290693613960657,3.83206264489773,"Ridge"
65,0.1,0,-0.013,0.019,0.11,1,-7.72625378625766,2.43281072567231,2.18813933915126,2.45539277497448,7.16069517935631,2.78820563946333,-9.73368376266975,-5.31624030757146,3.29602928199136,0.290693613960657,3.83206264489773,"Ridge"
66,0.1,0,-0.013,0.019,0.11,1,-7.72625378625766,2.43281072567231,2.18813933915126,2.45539277497448,7.16069517935631,2.78820563946333,-9.73368376266975,-5.31624030757146,3.29602928199136,0.290693613960657,3.83206264489773,"Ridge"
67,0.107952657857533,0,-0.012,0.022,0.117,1,-7.72702403142066,2.43180325576248,2.18811948286389,2.45418930363696,7.15604908403965,2.78689712240753,-9.72780290210159,-5.3137452975217,3.29348414233118,0.290311878509077,3.82883931803241,"Ridge"
68,0.107952657857533,0,-0.012,0.022,0.117,1,-7.72702403142066,2.43180325576248,2.18811948286389,2.45418930363696,7.15604908403965,2.78689712240753,-9.72780290210159,-5.3137452975217,3.29348414233118,0.290311878509077,3.82883931803241,"Ridge"
69,0.1,0,-0.013,0.019,0.11,1,-7.72625378625766,2.43281072567231,2.18813933915126,2.45539277497448,7.16069517935631,2.78820563946333,-9.73368376266975,-5.31624030757146,3.29602928199136,0.290693613960657,3.83206264489773,"Ridge"
70,0.1,0,-0.013,0.019,0.11,1,-7.72625378625766,2.43281072567231,2.18813933915126,2.45539277497448,7.16069517935631,2.78820563946333,-9.73368376266975,-5.31624030757146,3.29602928199136,0.290693613960657,3.83206264489773,"Ridge"
71,0.1,0,-0.013,0.019,0.11,1,-7.72625378625766,2.43281072567231,2.18813933915126,2.45539277497448,7.16069517935631,2.78820563946333,-9.73368376266975,-5.31624030757146,3.29602928199136,0.290693613960657,3.83206264489773,"Ridge"
72,0.107952657857533,0,-0.012,0.022,0.117,1,-7.72702403142066,2.43180325576248,2.18811948286389,2.45418930363696,7.15604908403965,2.78689712240753,-9.72780290210159,-5.3137452975217,3.29348414233118,0.290311878509077,3.82883931803241,"Ridge"
73,0.1,0,-0.013,0.019,0.11,1,-7.72625378625766,2.43281072567231,2.18813933915126,2.45539277497448,7.16069517935631,2.78820563946333,-9.73368376266975,-5.31624030757146,3.29602928199136,0.290693613960657,3.83206264489773,"Ridge"
74,0.107952657857533,0,-0.012,0.022,0.117,1,-7.72702403142066,2.43180325576248,2.18811948286389,2.45418930363696,7.15604908403965,2.78689712240753,-9.72780290210159,-5.3137452975217,3.29348414233118,0.290311878509077,3.82883931803241,"Ridge"
75,0.1,0,-0.013,0.019,0.11,1,-7.72625378625766,2.43281072567231,2.18813933915126,2.45539277497448,7.16069517935631,2.78820563946333,-9.73368376266975,-5.31624030757146,3.29602928199136,0.290693613960657,3.83206264489773,"Ridge"
76,0.1,0,-0.013,0.019,0.11,1,-7.72625378625766,2.43281072567231,2.18813933915126,2.45539277497448,7.16069517935631,2.78820563946333,-9.73368376266975,-5.31624030757146,3.29602928199136,0.290693613960657,3.83206264489773,"Ridge"
77,0.1,0,-0.013,0.019,0.11,1,-7.72625378625766,2.43281072567231,2.18813933915126,2.45539277497448,7.16069517935631,2.78820563946333,-9.73368376266975,-5.31624030757146,3.29602928199136,0.290693613960657,3.83206264489773,"Ridge"
78,0.1,0,-0.013,0.019,0.11,1,-7.72625378625766,2.43281072567231,2.18813933915126,2.45539277497448,7.16069517935631,2.78820563946333,-9.73368376266975,-5.31624030757146,3.29602928199136,0.290693613960657,3.83206264489773,"Ridge"
79,0.107952657857533,0,-0.012,0.022,0.117,1,-7.72702403142066,2.43180325576248,2.18811948286389,2.45418930363696,7.15604908403965,2.78689712240753,-9.72780290210159,-5.3137452975217,3.29348414233118,0.290311878509077,3.82883931803241,"Ridge"
80,0.107952657857533,0,-0.012,0.022,0.117,1,-7.72702403142066,2.43180325576248,2.18811948286389,2.45418930363696,7.15604908403965,2.78689712240753,-9.72780290210159,-5.3137452975217,3.29348414233118,0.290311878509077,3.82883931803241,"Ridge"
81,0.1,0,-0.013,0.019,0.11,1,-7.72625378625766,2.43281072567231,2.18813933915126,2.45539277497448,7.16069517935631,2.78820563946333,-9.73368376266975,-5.31624030757146,3.29602928199136,0.290693613960657,3.83206264489773,"Ridge"
82,0.1,0,-0.013,0.019,0.11,1,-7.72625378625766,2.43281072567231,2.18813933915126,2.45539277497448,7.16069517935631,2.78820563946333,-9.73368376266975,-5.31624030757146,3.29602928199136,0.290693613960657,3.83206264489773,"Ridge"
83,0.107952657857533,0,-0.012,0.022,0.117,1,-7.72702403142066,2.43180325576248,2.18811948286389,2.45418930363696,7.15604908403965,2.78689712240753,-9.72780290210159,-5.3137452975217,3.29348414233118,0.290311878509077,3.82883931803241,"Ridge"
84,0.1,0,-0.013,0.019,0.11,1,-7.72625378625766,2.43281072567231,2.18813933915126,2.45539277497448,7.16069517935631,2.78820563946333,-9.73368376266975,-5.31624030757146,3.29602928199136,0.290693613960657,3.83206264489773,"Ridge"
85,0.1,0,-0.013,0.019,0.11,1,-7.72625378625766,2.43281072567231,2.18813933915126,2.45539277497448,7.16069517935631,2.78820563946333,-9.73368376266975,-5.31624030757146,3.29602928199136,0.290693613960657,3.83206264489773,"Ridge"
86,0.107952657857533,0,-0.012,0.022,0.117,1,-7.72702403142066,2.43180325576248,2.18811948286389,2.45418930363696,7.15604908403965,2.78689712240753,-9.72780290210159,-5.3137452975217,3.29348414233118,0.290311878509077,3.82883931803241,"Ridge"
87,0.1,0,-0.013,0.019,0.11,1,-7.72625378625766,2.43281072567231,2.18813933915126,2.45539277497448,7.16069517935631,2.78820563946333,-9.73368376266975,-5.31624030757146,3.29602928199136,0.290693613960657,3.83206264489773,"Ridge"
88,0.1,0,-0.013,0.019,0.11,1,-7.72625378625766,2.43281072567231,2.18813933915126,2.45539277497448,7.16069517935631,2.78820563946333,-9.73368376266975,-5.31624030757146,3.29602928199136,0.290693613960657,3.83206264489773,"Ridge"
89,0.107952657857533,0,-0.012,0.022,0.117,1,-7.72702403142066,2.43180325576248,2.18811948286389,2.45418930363696,7.15604908403965,2.78689712240753,-9.72780290210159,-5.3137452975217,3.29348414233118,0.290311878509077,3.82883931803241,"Ridge"
90,0.107952657857533,0,-0.012,0.022,0.117,1,-7.72702403142066,2.43180325576248,2.18811948286389,2.45418930363696,7.15604908403965,2.78689712240753,-9.72780290210159,-5.3137452975217,3.29348414233118,0.290311878509077,3.82883931803241,"Ridge"
91,0.1,0,-0.013,0.019,0.11,1,-7.72625378625766,2.43281072567231,2.18813933915126,2.45539277497448,7.16069517935631,2.78820563946333,-9.73368376266975,-5.31624030757146,3.29602928199136,0.290693613960657,3.83206264489773,"Ridge"
92,0.1,0,-0.013,0.019,0.11,1,-7.72625378625766,2.43281072567231,2.18813933915126,2.45539277497448,7.16069517935631,2.78820563946333,-9.73368376266975,-5.31624030757146,3.29602928199136,0.290693613960657,3.83206264489773,"Ridge"
93,0.107952657857533,0,-0.012,0.022,0.117,1,-7.72702403142066,2.43180325576248,2.18811948286389,2.45418930363696,7.15604908403965,2.78689712240753,-9.72780290210159,-5.3137452975217,3.29348414233118,0.290311878509077,3.82883931803241,"Ridge"
94,0.1,0,-0.013,0.019,0.11,1,-7.72625378625766,2.43281072567231,2.18813933915126,2.45539277497448,7.16069517935631,2.78820563946333,-9.73368376266975,-5.31624030757146,3.29602928199136,0.290693613960657,3.83206264489773,"Ridge"
95,0.107952657857533,0,-0.012,0.022,0.117,1,-7.72702403142066,2.43180325576248,2.18811948286389,2.45418930363696,7.15604908403965,2.78689712240753,-9.72780290210159,-5.3137452975217,3.29348414233118,0.290311878509077,3.82883931803241,"Ridge"
96,0.107952657857533,0,-0.012,0.022,0.117,1,-7.72702403142066,2.43180325576248,2.18811948286389,2.45418930363696,7.15604908403965,2.78689712240753,-9.72780290210159,-5.3137452975217,3.29348414233118,0.290311878509077,3.82883931803241,"Ridge"
97,0.1,0,-0.013,0.019,0.11,1,-7.72625378625766,2.43281072567231,2.18813933915126,2.45539277497448,7.16069517935631,2.78820563946333,-9.73368376266975,-5.31624030757146,3.29602928199136,0.290693613960657,3.83206264489773,"Ridge"
98,0.1,0,-0.013,0.019,0.11,1,-7.72625378625766,2.43281072567231,2.18813933915126,2.45539277497448,7.16069517935631,2.78820563946333,-9.73368376266975,-5.31624030757146,3.29602928199136,0.290693613960657,3.83206264489773,"Ridge"
99,0.1,0,-0.013,0.019,0.11,1,-7.72625378625766,2.43281072567231,2.18813933915126,2.45539277497448,7.16069517935631,2.78820563946333,-9.73368376266975,-5.31624030757146,3.29602928199136,0.290693613960657,3.83206264489773,"Ridge"
100,0.107952657857533,0,-0.012,0.022,0.117,1,-7.72702403142066,2.43180325576248,2.18811948286389,2.45418930363696,7.15604908403965,2.78689712240753,-9.72780290210159,-5.3137452975217,3.29348414233118,0.290311878509077,3.82883931803241,"Ridge"
101,0.107952657857533,0,-0.012,0.022,0.117,1,-7.72702403142066,2.43180325576248,2.18811948286389,2.45418930363696,7.15604908403965,2.78689712240753,-9.72780290210159,-5.3137452975217,3.29348414233118,0.290311878509077,3.82883931803241,"Ridge"
102,0.1,0,-0.013,0.019,0.11,1,-7.72625378625766,2.43281072567231,2.18813933915126,2.45539277497448,7.16069517935631,2.78820563946333,-9.73368376266975,-5.31624030757146,3.29602928199136,0.290693613960657,3.83206264489773,"Ridge"
103,0.107952657857533,0,-0.012,0.022,0.117,1,-7.72702403142066,2.43180325576248,2.18811948286389,2.45418930363696,7.15604908403965,2.78689712240753,-9.72780290210159,-5.3137452975217,3.29348414233118,0.290311878509077,3.82883931803241,"Ridge"
104,0.1,0,-0.013,0.019,0.11,1,-7.72625378625766,2.43281072567231,2.18813933915126,2.45539277497448,7.16069517935631,2.78820563946333,-9.73368376266975,-5.31624030757146,3.29602928199136,0.290693613960657,3.83206264489773,"Ridge"
105,0.1,0,-0.013,0.019,0.11,1,-7.72625378625766,2.43281072567231,2.18813933915126,2.45539277497448,7.16069517935631,2.78820563946333,-9.73368376266975,-5.31624030757146,3.29602928199136,0.290693613960657,3.83206264489773,"Ridge"
106,0.1,0,-0.013,0.019,0.11,1,-7.72625378625766,2.43281072567231,2.18813933915126,2.45539277497448,7.16069517935631,2.78820563946333,-9.73368376266975,-5.31624030757146,3.29602928199136,0.290693613960657,3.83206264489773,"Ridge"
107,0.1,0,-0.013,0.019,0.11,1,-7.72625378625766,2.43281072567231,2.18813933915126,2.45539277497448,7.16069517935631,2.78820563946333,-9.73368376266975,-5.31624030757146,3.29602928199136,0.290693613960657,3.83206264489773,"Ridge"
108,0.1,0,-0.013,0.019,0.11,1,-7.72625378625766,2.43281072567231,2.18813933915126,2.45539277497448,7.16069517935631,2.78820563946333,-9.73368376266975,-5.31624030757146,3.29602928199136,0.290693613960657,3.83206264489773,"Ridge"
109,0.1,0,-0.013,0.019,0.11,1,-7.72625378625766,2.43281072567231,2.18813933915126,2.45539277497448,7.16069517935631,2.78820563946333,-9.73368376266975,-5.31624030757146,3.29602928199136,0.290693613960657,3.83206264489773,"Ridge"
110,0.1,0,-0.013,0.019,0.11,1,-7.72625378625766,2.43281072567231,2.18813933915126,2.45539277497448,7.16069517935631,2.78820563946333,-9.73368376266975,-5.31624030757146,3.29602928199136,0.290693613960657,3.83206264489773,"Ridge"
111,0.1,0,-0.013,0.019,0.11,1,-7.72625378625766,2.43281072567231,2.18813933915126,2.45539277497448,7.16069517935631,2.78820563946333,-9.73368376266975,-5.31624030757146,3.29602928199136,0.290693613960657,3.83206264489773,"Ridge"
112,0.107952657857533,0,-0.012,0.022,0.117,1,-7.72702403142066,2.43180325576248,2.18811948286389,2.45418930363696,7.15604908403965,2.78689712240753,-9.72780290210159,-5.3137452975217,3.29348414233118,0.290311878509077,3.82883931803241,"Ridge"
113,0.1,0,-0.013,0.019,0.11,1,-7.72625378625766,2.43281072567231,2.18813933915126,2.45539277497448,7.16069517935631,2.78820563946333,-9.73368376266975,-5.31624030757146,3.29602928199136,0.290693613960657,3.83206264489773,"Ridge"
114,0.1,0,-0.013,0.019,0.11,1,-7.72625378625766,2.43281072567231,2.18813933915126,2.45539277497448,7.16069517935631,2.78820563946333,-9.73368376266975,-5.31624030757146,3.29602928199136,0.290693613960657,3.83206264489773,"Ridge"
115,0.1,0,-0.013,0.019,0.11,1,-7.72625378625766,2.43281072567231,2.18813933915126,2.45539277497448,7.16069517935631,2.78820563946333,-9.73368376266975,-5.31624030757146,3.29602928199136,0.290693613960657,3.83206264489773,"Ridge"
116,0.1,0,-0.013,0.019,0.11,1,-7.72625378625766,2.43281072567231,2.18813933915126,2.45539277497448,7.16069517935631,2.78820563946333,-9.73368376266975,-5.31624030757146,3.29602928199136,0.290693613960657,3.83206264489773,"Ridge"
117,0.107952657857533,0,-0.012,0.022,0.117,1,-7.72702403142066,2.43180325576248,2.18811948286389,2.45418930363696,7.15604908403965,2.78689712240753,-9.72780290210159,-5.3137452975217,3.29348414233118,0.290311878509077,3.82883931803241,"Ridge"
118,0.1,0,-0.013,0.019,0.11,1,-7.72625378625766,2.43281072567231,2.18813933915126,2.45539277497448,7.16069517935631,2.78820563946333,-9.73368376266975,-5.31624030757146,3.29602928199136,0.290693613960657,3.83206264489773,"Ridge"
119,0.1,0,-0.013,0.019,0.11,1,-7.72625378625766,2.43281072567231,2.18813933915126,2.45539277497448,7.16069517935631,2.78820563946333,-9.73368376266975,-5.31624030757146,3.29602928199136,0.290693613960657,3.83206264489773,"Ridge"
120,0.1,0,-0.013,0.019,0.11,1,-7.72625378625766,2.43281072567231,2.18813933915126,2.45539277497448,7.16069517935631,2.78820563946333,-9.73368376266975,-5.31624030757146,3.29602928199136,0.290693613960657,3.83206264489773,"Ridge"
1,0.106218025106603,1,0,0.16,0.324,0.999,-7.75958635568,2.3435500377633,2.09608333899828,2.36264760504947,7.11430027367248,2.69158319234917,-9.69018863514297,-5.24928641210934,3.18187449678918,0.14066988356753,3.73291427727569,"Lasso"
2,0.109470558451593,1,0.001,0.169,0.334,0.999,-7.76090642230804,2.34042456634749,2.09326086186845,2.35934135393573,7.11107485293846,2.68811845526418,-9.68657369785867,-5.24626973587729,3.17738955185546,0.13592827891476,3.72862399447821,"Lasso"
3,0.106218025106603,1,0,0.16,0.324,0.999,-7.75958635568,2.3435500377633,2.09608333899828,2.36264760504947,7.11430027367248,2.69158319234917,-9.69018863514297,-5.24928641210934,3.18187449678918,0.14066988356753,3.73291427727569,"Lasso"
4,0.106218025106603,1,0,0.16,0.324,0.999,-7.75958635568,2.3435500377633,2.09608333899828,2.36264760504947,7.11430027367248,2.69158319234917,-9.69018863514297,-5.24928641210934,3.18187449678918,0.14066988356753,3.73291427727569,"Lasso"
5,0.106218025106603,1,0,0.16,0.324,0.999,-7.75958635568,2.3435500377633,2.09608333899828,2.36264760504947,7.11430027367248,2.69158319234917,-9.69018863514297,-5.24928641210934,3.18187449678918,0.14066988356753,3.73291427727569,"Lasso"
6,0.106218025106603,1,0,0.16,0.324,0.999,-7.75958635568,2.3435500377633,2.09608333899828,2.36264760504947,7.11430027367248,2.69158319234917,-9.69018863514297,-5.24928641210934,3.18187449678918,0.14066988356753,3.73291427727569,"Lasso"
7,0.109470558451593,1,0.001,0.169,0.334,0.999,-7.76090642230804,2.34042456634749,2.09326086186845,2.35934135393573,7.11107485293846,2.68811845526418,-9.68657369785867,-5.24626973587729,3.17738955185546,0.13592827891476,3.72862399447821,"Lasso"
8,0.106218025106603,1,0,0.16,0.324,0.999,-7.75958635568,2.3435500377633,2.09608333899828,2.36264760504947,7.11430027367248,2.69158319234917,-9.69018863514297,-5.24928641210934,3.18187449678918,0.14066988356753,3.73291427727569,"Lasso"
9,0.106218025106603,1,0,0.16,0.324,0.999,-7.75958635568,2.3435500377633,2.09608333899828,2.36264760504947,7.11430027367248,2.69158319234917,-9.69018863514297,-5.24928641210934,3.18187449678918,0.14066988356753,3.73291427727569,"Lasso"
10,0.109470558451593,1,0.001,0.169,0.334,0.999,-7.76090642230804,2.34042456634749,2.09326086186845,2.35934135393573,7.11107485293846,2.68811845526418,-9.68657369785867,-5.24626973587729,3.17738955185546,0.13592827891476,3.72862399447821,"Lasso"
11,0.103062129371852,1,0,0.15,0.315,0.999,-7.7583053795498,2.34658142258763,2.09882185658593,2.3658554006993,7.11743051439204,2.69494611428006,-9.69369740265674,-5.25221344584555,3.18622654249121,0.145271008193858,3.73707748588386,"Lasso"
12,0.103062129371852,1,0,0.15,0.315,0.999,-7.7583053795498,2.34658142258763,2.09882185658593,2.3658554006993,7.11743051439204,2.69494611428006,-9.69369740265674,-5.25221344584555,3.18622654249121,0.145271008193858,3.73707748588386,"Lasso"
13,0.106218025106603,1,0,0.16,0.324,0.999,-7.75958635568,2.3435500377633,2.09608333899828,2.36264760504947,7.11430027367248,2.69158319234917,-9.69018863514297,-5.24928641210934,3.18187449678918,0.14066988356753,3.73291427727569,"Lasso"
14,0.109470558451593,1,0.001,0.169,0.334,0.999,-7.76090642230804,2.34042456634749,2.09326086186845,2.35934135393573,7.11107485293846,2.68811845526418,-9.68657369785867,-5.24626973587729,3.17738955185546,0.13592827891476,3.72862399447821,"Lasso"
15,0.103062129371852,1,0,0.15,0.315,0.999,-7.7583053795498,2.34658142258763,2.09882185658593,2.3658554006993,7.11743051439204,2.69494611428006,-9.69369740265674,-5.25221344584555,3.18622654249121,0.145271008193858,3.73707748588386,"Lasso"
16,0.103062129371852,1,0,0.15,0.315,0.999,-7.7583053795498,2.34658142258763,2.09882185658593,2.3658554006993,7.11743051439204,2.69494611428006,-9.69369740265674,-5.25221344584555,3.18622654249121,0.145271008193858,3.73707748588386,"Lasso"
17,0.106218025106603,1,0,0.16,0.324,0.999,-7.75958635568,2.3435500377633,2.09608333899828,2.36264760504947,7.11430027367248,2.69158319234917,-9.69018863514297,-5.24928641210934,3.18187449678918,0.14066988356753,3.73291427727569,"Lasso"
18,0.103062129371852,1,0,0.15,0.315,0.999,-7.7583053795498,2.34658142258763,2.09882185658593,2.3658554006993,7.11743051439204,2.69494611428006,-9.69369740265674,-5.25221344584555,3.18622654249121,0.145271008193858,3.73707748588386,"Lasso"
19,0.103062129371852,1,0,0.15,0.315,0.999,-7.7583053795498,2.34658142258763,2.09882185658593,2.3658554006993,7.11743051439204,2.69494611428006,-9.69369740265674,-5.25221344584555,3.18622654249121,0.145271008193858,3.73707748588386,"Lasso"
20,0.106218025106603,1,0,0.16,0.324,0.999,-7.75958635568,2.3435500377633,2.09608333899828,2.36264760504947,7.11430027367248,2.69158319234917,-9.69018863514297,-5.24928641210934,3.18187449678918,0.14066988356753,3.73291427727569,"Lasso"
21,0.103062129371852,1,0,0.15,0.315,0.999,-7.7583053795498,2.34658142258763,2.09882185658593,2.3658554006993,7.11743051439204,2.69494611428006,-9.69369740265674,-5.25221344584555,3.18622654249121,0.145271008193858,3.73707748588386,"Lasso"
22,0.106218025106603,1,0,0.16,0.324,0.999,-7.75958635568,2.3435500377633,2.09608333899828,2.36264760504947,7.11430027367248,2.69158319234917,-9.69018863514297,-5.24928641210934,3.18187449678918,0.14066988356753,3.73291427727569,"Lasso"
23,0.109470558451593,1,0.001,0.169,0.334,0.999,-7.76090642230804,2.34042456634749,2.09326086186845,2.35934135393573,7.11107485293846,2.68811845526418,-9.68657369785867,-5.24626973587729,3.17738955185546,0.13592827891476,3.72862399447821,"Lasso"
24,0.103062129371852,1,0,0.15,0.315,0.999,-7.7583053795498,2.34658142258763,2.09882185658593,2.3658554006993,7.11743051439204,2.69494611428006,-9.69369740265674,-5.25221344584555,3.18622654249121,0.145271008193858,3.73707748588386,"Lasso"
25,0.103062129371852,1,0,0.15,0.315,0.999,-7.7583053795498,2.34658142258763,2.09882185658593,2.3658554006993,7.11743051439204,2.69494611428006,-9.69369740265674,-5.25221344584555,3.18622654249121,0.145271008193858,3.73707748588386,"Lasso"
26,0.103062129371852,1,0,0.15,0.315,0.999,-7.7583053795498,2.34658142258763,2.09882185658593,2.3658554006993,7.11743051439204,2.69494611428006,-9.69369740265674,-5.25221344584555,3.18622654249121,0.145271008193858,3.73707748588386,"Lasso"
27,0.106218025106603,1,0,0.16,0.324,0.999,-7.75958635568,2.3435500377633,2.09608333899828,2.36264760504947,7.11430027367248,2.69158319234917,-9.69018863514297,-5.24928641210934,3.18187449678918,0.14066988356753,3.73291427727569,"Lasso"
28,0.106218025106603,1,0,0.16,0.324,0.999,-7.75958635568,2.3435500377633,2.09608333899828,2.36264760504947,7.11430027367248,2.69158319234917,-9.69018863514297,-5.24928641210934,3.18187449678918,0.14066988356753,3.73291427727569,"Lasso"
29,0.103062129371852,1,0,0.15,0.315,0.999,-7.7583053795498,2.34658142258763,2.09882185658593,2.3658554006993,7.11743051439204,2.69494611428006,-9.69369740265674,-5.25221344584555,3.18622654249121,0.145271008193858,3.73707748588386,"Lasso"
30,0.106218025106603,1,0,0.16,0.324,0.999,-7.75958635568,2.3435500377633,2.09608333899828,2.36264760504947,7.11430027367248,2.69158319234917,-9.69018863514297,-5.24928641210934,3.18187449678918,0.14066988356753,3.73291427727569,"Lasso"
31,0.106218025106603,1,0,0.16,0.324,0.999,-7.75958635568,2.3435500377633,2.09608333899828,2.36264760504947,7.11430027367248,2.69158319234917,-9.69018863514297,-5.24928641210934,3.18187449678918,0.14066988356753,3.73291427727569,"Lasso"
32,0.103062129371852,1,0,0.15,0.315,0.999,-7.7583053795498,2.34658142258763,2.09882185658593,2.3658554006993,7.11743051439204,2.69494611428006,-9.69369740265674,-5.25221344584555,3.18622654249121,0.145271008193858,3.73707748588386,"Lasso"
33,0.106218025106603,1,0,0.16,0.324,0.999,-7.75958635568,2.3435500377633,2.09608333899828,2.36264760504947,7.11430027367248,2.69158319234917,-9.69018863514297,-5.24928641210934,3.18187449678918,0.14066988356753,3.73291427727569,"Lasso"
34,0.106218025106603,1,0,0.16,0.324,0.999,-7.75958635568,2.3435500377633,2.09608333899828,2.36264760504947,7.11430027367248,2.69158319234917,-9.69018863514297,-5.24928641210934,3.18187449678918,0.14066988356753,3.73291427727569,"Lasso"
35,0.106218025106603,1,0,0.16,0.324,0.999,-7.75958635568,2.3435500377633,2.09608333899828,2.36264760504947,7.11430027367248,2.69158319234917,-9.69018863514297,-5.24928641210934,3.18187449678918,0.14066988356753,3.73291427727569,"Lasso"
36,0.106218025106603,1,0,0.16,0.324,0.999,-7.75958635568,2.3435500377633,2.09608333899828,2.36264760504947,7.11430027367248,2.69158319234917,-9.69018863514297,-5.24928641210934,3.18187449678918,0.14066988356753,3.73291427727569,"Lasso"
37,0.103062129371852,1,0,0.15,0.315,0.999,-7.7583053795498,2.34658142258763,2.09882185658593,2.3658554006993,7.11743051439204,2.69494611428006,-9.69369740265674,-5.25221344584555,3.18622654249121,0.145271008193858,3.73707748588386,"Lasso"
38,0.103062129371852,1,0,0.15,0.315,0.999,-7.7583053795498,2.34658142258763,2.09882185658593,2.3658554006993,7.11743051439204,2.69494611428006,-9.69369740265674,-5.25221344584555,3.18622654249121,0.145271008193858,3.73707748588386,"Lasso"
39,0.106218025106603,1,0,0.16,0.324,0.999,-7.75958635568,2.3435500377633,2.09608333899828,2.36264760504947,7.11430027367248,2.69158319234917,-9.69018863514297,-5.24928641210934,3.18187449678918,0.14066988356753,3.73291427727569,"Lasso"
40,0.103062129371852,1,0,0.15,0.315,0.999,-7.7583053795498,2.34658142258763,2.09882185658593,2.3658554006993,7.11743051439204,2.69494611428006,-9.69369740265674,-5.25221344584555,3.18622654249121,0.145271008193858,3.73707748588386,"Lasso"
41,0.103062129371852,1,0,0.15,0.315,0.999,-7.7583053795498,2.34658142258763,2.09882185658593,2.3658554006993,7.11743051439204,2.69494611428006,-9.69369740265674,-5.25221344584555,3.18622654249121,0.145271008193858,3.73707748588386,"Lasso"
42,0.103062129371852,1,0,0.15,0.315,0.999,-7.7583053795498,2.34658142258763,2.09882185658593,2.3658554006993,7.11743051439204,2.69494611428006,-9.69369740265674,-5.25221344584555,3.18622654249121,0.145271008193858,3.73707748588386,"Lasso"
43,0.106218025106603,1,0,0.16,0.324,0.999,-7.75958635568,2.3435500377633,2.09608333899828,2.36264760504947,7.11430027367248,2.69158319234917,-9.69018863514297,-5.24928641210934,3.18187449678918,0.14066988356753,3.73291427727569,"Lasso"
44,0.106218025106603,1,0,0.16,0.324,0.999,-7.75958635568,2.3435500377633,2.09608333899828,2.36264760504947,7.11430027367248,2.69158319234917,-9.69018863514297,-5.24928641210934,3.18187449678918,0.14066988356753,3.73291427727569,"Lasso"
45,0.106218025106603,1,0,0.16,0.324,0.999,-7.75958635568,2.3435500377633,2.09608333899828,2.36264760504947,7.11430027367248,2.69158319234917,-9.69018863514297,-5.24928641210934,3.18187449678918,0.14066988356753,3.73291427727569,"Lasso"
46,0.103062129371852,1,0,0.15,0.315,0.999,-7.7583053795498,2.34658142258763,2.09882185658593,2.3658554006993,7.11743051439204,2.69494611428006,-9.69369740265674,-5.25221344584555,3.18622654249121,0.145271008193858,3.73707748588386,"Lasso"
47,0.106218025106603,1,0,0.16,0.324,0.999,-7.75958635568,2.3435500377633,2.09608333899828,2.36264760504947,7.11430027367248,2.69158319234917,-9.69018863514297,-5.24928641210934,3.18187449678918,0.14066988356753,3.73291427727569,"Lasso"
48,0.103062129371852,1,0,0.15,0.315,0.999,-7.7583053795498,2.34658142258763,2.09882185658593,2.3658554006993,7.11743051439204,2.69494611428006,-9.69369740265674,-5.25221344584555,3.18622654249121,0.145271008193858,3.73707748588386,"Lasso"
49,0.103062129371852,1,0,0.15,0.315,0.999,-7.7583053795498,2.34658142258763,2.09882185658593,2.3658554006993,7.11743051439204,2.69494611428006,-9.69369740265674,-5.25221344584555,3.18622654249121,0.145271008193858,3.73707748588386,"Lasso"
50,0.106218025106603,1,0,0.16,0.324,0.999,-7.75958635568,2.3435500377633,2.09608333899828,2.36264760504947,7.11430027367248,2.69158319234917,-9.69018863514297,-5.24928641210934,3.18187449678918,0.14066988356753,3.73291427727569,"Lasso"
51,0.103062129371852,1,0,0.15,0.315,0.999,-7.7583053795498,2.34658142258763,2.09882185658593,2.3658554006993,7.11743051439204,2.69494611428006,-9.69369740265674,-5.25221344584555,3.18622654249121,0.145271008193858,3.73707748588386,"Lasso"
52,0.106218025106603,1,0,0.16,0.324,0.999,-7.75958635568,2.3435500377633,2.09608333899828,2.36264760504947,7.11430027367248,2.69158319234917,-9.69018863514297,-5.24928641210934,3.18187449678918,0.14066988356753,3.73291427727569,"Lasso"
53,0.103062129371852,1,0,0.15,0.315,0.999,-7.7583053795498,2.34658142258763,2.09882185658593,2.3658554006993,7.11743051439204,2.69494611428006,-9.69369740265674,-5.25221344584555,3.18622654249121,0.145271008193858,3.73707748588386,"Lasso"
54,0.109470558451593,1,0.001,0.169,0.334,0.999,-7.76090642230804,2.34042456634749,2.09326086186845,2.35934135393573,7.11107485293846,2.68811845526418,-9.68657369785867,-5.24626973587729,3.17738955185546,0.13592827891476,3.72862399447821,"Lasso"
55,0.103062129371852,1,0,0.15,0.315,0.999,-7.7583053795498,2.34658142258763,2.09882185658593,2.3658554006993,7.11743051439204,2.69494611428006,-9.69369740265674,-5.25221344584555,3.18622654249121,0.145271008193858,3.73707748588386,"Lasso"
56,0.106218025106603,1,0,0.16,0.324,0.999,-7.75958635568,2.3435500377633,2.09608333899828,2.36264760504947,7.11430027367248,2.69158319234917,-9.69018863514297,-5.24928641210934,3.18187449678918,0.14066988356753,3.73291427727569,"Lasso"
57,0.109470558451593,1,0.001,0.169,0.334,0.999,-7.76090642230804,2.34042456634749,2.09326086186845,2.35934135393573,7.11107485293846,2.68811845526418,-9.68657369785867,-5.24626973587729,3.17738955185546,0.13592827891476,3.72862399447821,"Lasso"
58,0.106218025106603,1,0,0.16,0.324,0.999,-7.75958635568,2.3435500377633,2.09608333899828,2.36264760504947,7.11430027367248,2.69158319234917,-9.69018863514297,-5.24928641210934,3.18187449678918,0.14066988356753,3.73291427727569,"Lasso"
59,0.106218025106603,1,0,0.16,0.324,0.999,-7.75958635568,2.3435500377633,2.09608333899828,2.36264760504947,7.11430027367248,2.69158319234917,-9.69018863514297,-5.24928641210934,3.18187449678918,0.14066988356753,3.73291427727569,"Lasso"
60,0.106218025106603,1,0,0.16,0.324,0.999,-7.75958635568,2.3435500377633,2.09608333899828,2.36264760504947,7.11430027367248,2.69158319234917,-9.69018863514297,-5.24928641210934,3.18187449678918,0.14066988356753,3.73291427727569,"Lasso"
61,0.106218025106603,1,0,0.16,0.324,0.999,-7.75958635568,2.3435500377633,2.09608333899828,2.36264760504947,7.11430027367248,2.69158319234917,-9.69018863514297,-5.24928641210934,3.18187449678918,0.14066988356753,3.73291427727569,"Lasso"
62,0.106218025106603,1,0,0.16,0.324,0.999,-7.75958635568,2.3435500377633,2.09608333899828,2.36264760504947,7.11430027367248,2.69158319234917,-9.69018863514297,-5.24928641210934,3.18187449678918,0.14066988356753,3.73291427727569,"Lasso"
63,0.106218025106603,1,0,0.16,0.324,0.999,-7.75958635568,2.3435500377633,2.09608333899828,2.36264760504947,7.11430027367248,2.69158319234917,-9.69018863514297,-5.24928641210934,3.18187449678918,0.14066988356753,3.73291427727569,"Lasso"
64,0.103062129371852,1,0,0.15,0.315,0.999,-7.7583053795498,2.34658142258763,2.09882185658593,2.3658554006993,7.11743051439204,2.69494611428006,-9.69369740265674,-5.25221344584555,3.18622654249121,0.145271008193858,3.73707748588386,"Lasso"
65,0.106218025106603,1,0,0.16,0.324,0.999,-7.75958635568,2.3435500377633,2.09608333899828,2.36264760504947,7.11430027367248,2.69158319234917,-9.69018863514297,-5.24928641210934,3.18187449678918,0.14066988356753,3.73291427727569,"Lasso"
66,0.106218025106603,1,0,0.16,0.324,0.999,-7.75958635568,2.3435500377633,2.09608333899828,2.36264760504947,7.11430027367248,2.69158319234917,-9.69018863514297,-5.24928641210934,3.18187449678918,0.14066988356753,3.73291427727569,"Lasso"
67,0.106218025106603,1,0,0.16,0.324,0.999,-7.75958635568,2.3435500377633,2.09608333899828,2.36264760504947,7.11430027367248,2.69158319234917,-9.69018863514297,-5.24928641210934,3.18187449678918,0.14066988356753,3.73291427727569,"Lasso"
68,0.109470558451593,1,0.001,0.169,0.334,0.999,-7.76090642230804,2.34042456634749,2.09326086186845,2.35934135393573,7.11107485293846,2.68811845526418,-9.68657369785867,-5.24626973587729,3.17738955185546,0.13592827891476,3.72862399447821,"Lasso"
69,0.103062129371852,1,0,0.15,0.315,0.999,-7.7583053795498,2.34658142258763,2.09882185658593,2.3658554006993,7.11743051439204,2.69494611428006,-9.69369740265674,-5.25221344584555,3.18622654249121,0.145271008193858,3.73707748588386,"Lasso"
70,0.106218025106603,1,0,0.16,0.324,0.999,-7.75958635568,2.3435500377633,2.09608333899828,2.36264760504947,7.11430027367248,2.69158319234917,-9.69018863514297,-5.24928641210934,3.18187449678918,0.14066988356753,3.73291427727569,"Lasso"
71,0.106218025106603,1,0,0.16,0.324,0.999,-7.75958635568,2.3435500377633,2.09608333899828,2.36264760504947,7.11430027367248,2.69158319234917,-9.69018863514297,-5.24928641210934,3.18187449678918,0.14066988356753,3.73291427727569,"Lasso"
72,0.103062129371852,1,0,0.15,0.315,0.999,-7.7583053795498,2.34658142258763,2.09882185658593,2.3658554006993,7.11743051439204,2.69494611428006,-9.69369740265674,-5.25221344584555,3.18622654249121,0.145271008193858,3.73707748588386,"Lasso"
73,0.103062129371852,1,0,0.15,0.315,0.999,-7.7583053795498,2.34658142258763,2.09882185658593,2.3658554006993,7.11743051439204,2.69494611428006,-9.69369740265674,-5.25221344584555,3.18622654249121,0.145271008193858,3.73707748588386,"Lasso"
74,0.106218025106603,1,0,0.16,0.324,0.999,-7.75958635568,2.3435500377633,2.09608333899828,2.36264760504947,7.11430027367248,2.69158319234917,-9.69018863514297,-5.24928641210934,3.18187449678918,0.14066988356753,3.73291427727569,"Lasso"
75,0.106218025106603,1,0,0.16,0.324,0.999,-7.75958635568,2.3435500377633,2.09608333899828,2.36264760504947,7.11430027367248,2.69158319234917,-9.69018863514297,-5.24928641210934,3.18187449678918,0.14066988356753,3.73291427727569,"Lasso"
76,0.103062129371852,1,0,0.15,0.315,0.999,-7.7583053795498,2.34658142258763,2.09882185658593,2.3658554006993,7.11743051439204,2.69494611428006,-9.69369740265674,-5.25221344584555,3.18622654249121,0.145271008193858,3.73707748588386,"Lasso"
77,0.106218025106603,1,0,0.16,0.324,0.999,-7.75958635568,2.3435500377633,2.09608333899828,2.36264760504947,7.11430027367248,2.69158319234917,-9.69018863514297,-5.24928641210934,3.18187449678918,0.14066988356753,3.73291427727569,"Lasso"
78,0.106218025106603,1,0,0.16,0.324,0.999,-7.75958635568,2.3435500377633,2.09608333899828,2.36264760504947,7.11430027367248,2.69158319234917,-9.69018863514297,-5.24928641210934,3.18187449678918,0.14066988356753,3.73291427727569,"Lasso"
79,0.109470558451593,1,0.001,0.169,0.334,0.999,-7.76090642230804,2.34042456634749,2.09326086186845,2.35934135393573,7.11107485293846,2.68811845526418,-9.68657369785867,-5.24626973587729,3.17738955185546,0.13592827891476,3.72862399447821,"Lasso"
80,0.106218025106603,1,0,0.16,0.324,0.999,-7.75958635568,2.3435500377633,2.09608333899828,2.36264760504947,7.11430027367248,2.69158319234917,-9.69018863514297,-5.24928641210934,3.18187449678918,0.14066988356753,3.73291427727569,"Lasso"
81,0.106218025106603,1,0,0.16,0.324,0.999,-7.75958635568,2.3435500377633,2.09608333899828,2.36264760504947,7.11430027367248,2.69158319234917,-9.69018863514297,-5.24928641210934,3.18187449678918,0.14066988356753,3.73291427727569,"Lasso"
82,0.106218025106603,1,0,0.16,0.324,0.999,-7.75958635568,2.3435500377633,2.09608333899828,2.36264760504947,7.11430027367248,2.69158319234917,-9.69018863514297,-5.24928641210934,3.18187449678918,0.14066988356753,3.73291427727569,"Lasso"
83,0.106218025106603,1,0,0.16,0.324,0.999,-7.75958635568,2.3435500377633,2.09608333899828,2.36264760504947,7.11430027367248,2.69158319234917,-9.69018863514297,-5.24928641210934,3.18187449678918,0.14066988356753,3.73291427727569,"Lasso"
84,0.106218025106603,1,0,0.16,0.324,0.999,-7.75958635568,2.3435500377633,2.09608333899828,2.36264760504947,7.11430027367248,2.69158319234917,-9.69018863514297,-5.24928641210934,3.18187449678918,0.14066988356753,3.73291427727569,"Lasso"
85,0.103062129371852,1,0,0.15,0.315,0.999,-7.7583053795498,2.34658142258763,2.09882185658593,2.3658554006993,7.11743051439204,2.69494611428006,-9.69369740265674,-5.25221344584555,3.18622654249121,0.145271008193858,3.73707748588386,"Lasso"
86,0.103062129371852,1,0,0.15,0.315,0.999,-7.7583053795498,2.34658142258763,2.09882185658593,2.3658554006993,7.11743051439204,2.69494611428006,-9.69369740265674,-5.25221344584555,3.18622654249121,0.145271008193858,3.73707748588386,"Lasso"
87,0.106218025106603,1,0,0.16,0.324,0.999,-7.75958635568,2.3435500377633,2.09608333899828,2.36264760504947,7.11430027367248,2.69158319234917,-9.69018863514297,-5.24928641210934,3.18187449678918,0.14066988356753,3.73291427727569,"Lasso"
88,0.106218025106603,1,0,0.16,0.324,0.999,-7.75958635568,2.3435500377633,2.09608333899828,2.36264760504947,7.11430027367248,2.69158319234917,-9.69018863514297,-5.24928641210934,3.18187449678918,0.14066988356753,3.73291427727569,"Lasso"
89,0.109470558451593,1,0.001,0.169,0.334,0.999,-7.76090642230804,2.34042456634749,2.09326086186845,2.35934135393573,7.11107485293846,2.68811845526418,-9.68657369785867,-5.24626973587729,3.17738955185546,0.13592827891476,3.72862399447821,"Lasso"
90,0.106218025106603,1,0,0.16,0.324,0.999,-7.75958635568,2.3435500377633,2.09608333899828,2.36264760504947,7.11430027367248,2.69158319234917,-9.69018863514297,-5.24928641210934,3.18187449678918,0.14066988356753,3.73291427727569,"Lasso"
91,0.103062129371852,1,0,0.15,0.315,0.999,-7.7583053795498,2.34658142258763,2.09882185658593,2.3658554006993,7.11743051439204,2.69494611428006,-9.69369740265674,-5.25221344584555,3.18622654249121,0.145271008193858,3.73707748588386,"Lasso"
92,0.106218025106603,1,0,0.16,0.324,0.999,-7.75958635568,2.3435500377633,2.09608333899828,2.36264760504947,7.11430027367248,2.69158319234917,-9.69018863514297,-5.24928641210934,3.18187449678918,0.14066988356753,3.73291427727569,"Lasso"
93,0.106218025106603,1,0,0.16,0.324,0.999,-7.75958635568,2.3435500377633,2.09608333899828,2.36264760504947,7.11430027367248,2.69158319234917,-9.69018863514297,-5.24928641210934,3.18187449678918,0.14066988356753,3.73291427727569,"Lasso"
94,0.103062129371852,1,0,0.15,0.315,0.999,-7.7583053795498,2.34658142258763,2.09882185658593,2.3658554006993,7.11743051439204,2.69494611428006,-9.69369740265674,-5.25221344584555,3.18622654249121,0.145271008193858,3.73707748588386,"Lasso"
95,0.106218025106603,1,0,0.16,0.324,0.999,-7.75958635568,2.3435500377633,2.09608333899828,2.36264760504947,7.11430027367248,2.69158319234917,-9.69018863514297,-5.24928641210934,3.18187449678918,0.14066988356753,3.73291427727569,"Lasso"
96,0.106218025106603,1,0,0.16,0.324,0.999,-7.75958635568,2.3435500377633,2.09608333899828,2.36264760504947,7.11430027367248,2.69158319234917,-9.69018863514297,-5.24928641210934,3.18187449678918,0.14066988356753,3.73291427727569,"Lasso"
97,0.103062129371852,1,0,0.15,0.315,0.999,-7.7583053795498,2.34658142258763,2.09882185658593,2.3658554006993,7.11743051439204,2.69494611428006,-9.69369740265674,-5.25221344584555,3.18622654249121,0.145271008193858,3.73707748588386,"Lasso"
98,0.103062129371852,1,0,0.15,0.315,0.999,-7.7583053795498,2.34658142258763,2.09882185658593,2.3658554006993,7.11743051439204,2.69494611428006,-9.69369740265674,-5.25221344584555,3.18622654249121,0.145271008193858,3.73707748588386,"Lasso"
99,0.103062129371852,1,0,0.15,0.315,0.999,-7.7583053795498,2.34658142258763,2.09882185658593,2.3658554006993,7.11743051439204,2.69494611428006,-9.69369740265674,-5.25221344584555,3.18622654249121,0.145271008193858,3.73707748588386,"Lasso"
100,0.103062129371852,1,0,0.15,0.315,0.999,-7.7583053795498,2.34658142258763,2.09882185658593,2.3658554006993,7.11743051439204,2.69494611428006,-9.69369740265674,-5.25221344584555,3.18622654249121,0.145271008193858,3.73707748588386,"Lasso"
101,0.106218025106603,1,0,0.16,0.324,0.999,-7.75958635568,2.3435500377633,2.09608333899828,2.36264760504947,7.11430027367248,2.69158319234917,-9.69018863514297,-5.24928641210934,3.18187449678918,0.14066988356753,3.73291427727569,"Lasso"
102,0.106218025106603,1,0,0.16,0.324,0.999,-7.75958635568,2.3435500377633,2.09608333899828,2.36264760504947,7.11430027367248,2.69158319234917,-9.69018863514297,-5.24928641210934,3.18187449678918,0.14066988356753,3.73291427727569,"Lasso"
103,0.103062129371852,1,0,0.15,0.315,0.999,-7.7583053795498,2.34658142258763,2.09882185658593,2.3658554006993,7.11743051439204,2.69494611428006,-9.69369740265674,-5.25221344584555,3.18622654249121,0.145271008193858,3.73707748588386,"Lasso"
104,0.106218025106603,1,0,0.16,0.324,0.999,-7.75958635568,2.3435500377633,2.09608333899828,2.36264760504947,7.11430027367248,2.69158319234917,-9.69018863514297,-5.24928641210934,3.18187449678918,0.14066988356753,3.73291427727569,"Lasso"
105,0.103062129371852,1,0,0.15,0.315,0.999,-7.7583053795498,2.34658142258763,2.09882185658593,2.3658554006993,7.11743051439204,2.69494611428006,-9.69369740265674,-5.25221344584555,3.18622654249121,0.145271008193858,3.73707748588386,"Lasso"
106,0.106218025106603,1,0,0.16,0.324,0.999,-7.75958635568,2.3435500377633,2.09608333899828,2.36264760504947,7.11430027367248,2.69158319234917,-9.69018863514297,-5.24928641210934,3.18187449678918,0.14066988356753,3.73291427727569,"Lasso"
107,0.109470558451593,1,0.001,0.169,0.334,0.999,-7.76090642230804,2.34042456634749,2.09326086186845,2.35934135393573,7.11107485293846,2.68811845526418,-9.68657369785867,-5.24626973587729,3.17738955185546,0.13592827891476,3.72862399447821,"Lasso"
108,0.103062129371852,1,0,0.15,0.315,0.999,-7.7583053795498,2.34658142258763,2.09882185658593,2.3658554006993,7.11743051439204,2.69494611428006,-9.69369740265674,-5.25221344584555,3.18622654249121,0.145271008193858,3.73707748588386,"Lasso"
109,0.106218025106603,1,0,0.16,0.324,0.999,-7.75958635568,2.3435500377633,2.09608333899828,2.36264760504947,7.11430027367248,2.69158319234917,-9.69018863514297,-5.24928641210934,3.18187449678918,0.14066988356753,3.73291427727569,"Lasso"
110,0.106218025106603,1,0,0.16,0.324,0.999,-7.75958635568,2.3435500377633,2.09608333899828,2.36264760504947,7.11430027367248,2.69158319234917,-9.69018863514297,-5.24928641210934,3.18187449678918,0.14066988356753,3.73291427727569,"Lasso"
111,0.103062129371852,1,0,0.15,0.315,0.999,-7.7583053795498,2.34658142258763,2.09882185658593,2.3658554006993,7.11743051439204,2.69494611428006,-9.69369740265674,-5.25221344584555,3.18622654249121,0.145271008193858,3.73707748588386,"Lasso"
112,0.103062129371852,1,0,0.15,0.315,0.999,-7.7583053795498,2.34658142258763,2.09882185658593,2.3658554006993,7.11743051439204,2.69494611428006,-9.69369740265674,-5.25221344584555,3.18622654249121,0.145271008193858,3.73707748588386,"Lasso"
113,0.103062129371852,1,0,0.15,0.315,0.999,-7.7583053795498,2.34658142258763,2.09882185658593,2.3658554006993,7.11743051439204,2.69494611428006,-9.69369740265674,-5.25221344584555,3.18622654249121,0.145271008193858,3.73707748588386,"Lasso"
114,0.106218025106603,1,0,0.16,0.324,0.999,-7.75958635568,2.3435500377633,2.09608333899828,2.36264760504947,7.11430027367248,2.69158319234917,-9.69018863514297,-5.24928641210934,3.18187449678918,0.14066988356753,3.73291427727569,"Lasso"
115,0.106218025106603,1,0,0.16,0.324,0.999,-7.75958635568,2.3435500377633,2.09608333899828,2.36264760504947,7.11430027367248,2.69158319234917,-9.69018863514297,-5.24928641210934,3.18187449678918,0.14066988356753,3.73291427727569,"Lasso"
116,0.106218025106603,1,0,0.16,0.324,0.999,-7.75958635568,2.3435500377633,2.09608333899828,2.36264760504947,7.11430027367248,2.69158319234917,-9.69018863514297,-5.24928641210934,3.18187449678918,0.14066988356753,3.73291427727569,"Lasso"
117,0.103062129371852,1,0,0.15,0.315,0.999,-7.7583053795498,2.34658142258763,2.09882185658593,2.3658554006993,7.11743051439204,2.69494611428006,-9.69369740265674,-5.25221344584555,3.18622654249121,0.145271008193858,3.73707748588386,"Lasso"
118,0.103062129371852,1,0,0.15,0.315,0.999,-7.7583053795498,2.34658142258763,2.09882185658593,2.3658554006993,7.11743051439204,2.69494611428006,-9.69369740265674,-5.25221344584555,3.18622654249121,0.145271008193858,3.73707748588386,"Lasso"
119,0.106218025106603,1,0,0.16,0.324,0.999,-7.75958635568,2.3435500377633,2.09608333899828,2.36264760504947,7.11430027367248,2.69158319234917,-9.69018863514297,-5.24928641210934,3.18187449678918,0.14066988356753,3.73291427727569,"Lasso"
120,0.106218025106603,1,0,0.16,0.324,0.999,-7.75958635568,2.3435500377633,2.09608333899828,2.36264760504947,7.11430027367248,2.69158319234917,-9.69018863514297,-5.24928641210934,3.18187449678918,0.14066988356753,3.73291427727569,"Lasso"
1,0.107667772011653,0.1,-0.011,0.027,0.132,1,-7.73028567242485,2.42295193740635,2.17885411097331,2.44499131420904,7.15190336038215,2.77733538670647,-9.72410345996466,-5.30728424681015,3.28230703407239,0.275285221139956,3.81923902980241,"ElasticNet"
2,0.109123803436032,0.1,-0.011,0.028,0.133,1,-7.73047082168246,2.42264809351248,2.1787260891811,2.44464691778834,7.1509945385087,2.77696683939167,-9.72297404760801,-5.30673937358467,3.28168988873428,0.27501372689487,3.81851842805661,"ElasticNet"
3,0.106231168314699,0.2,-0.01,0.034,0.149,1,-7.73335467262479,2.41444963303903,2.1698252879367,2.43619912647,7.1485417053141,2.76820046610392,-9.72135425277352,-5.30135138834933,3.27177401803942,0.26068195326484,3.81034719407391,"ElasticNet"
4,0.108393342920103,0.1,-0.011,0.028,0.132,1,-7.73037794163844,2.42280051869694,2.17879031801445,2.44481968733738,7.15145045090177,2.77715172373621,-9.72354062041411,-5.30701271492849,3.28199947935703,0.275149922313751,3.81887991603985,"ElasticNet"
5,0.106231168314699,0.2,-0.01,0.034,0.149,1,-7.73335467262479,2.41444963303903,2.1698252879367,2.43619912647,7.1485417053141,2.76820046610392,-9.72135425277352,-5.30135138834933,3.27177401803942,0.26068195326484,3.81034719407391,"ElasticNet"
6,0.107667772011653,0.1,-0.011,0.027,0.132,1,-7.73028567242485,2.42295193740635,2.17885411097331,2.44499131420904,7.15190336038215,2.77733538670647,-9.72410345996466,-5.30728424681015,3.28230703407239,0.275285221139956,3.81923902980241,"ElasticNet"
7,0.108393342920103,0.1,-0.011,0.028,0.132,1,-7.73037794163844,2.42280051869694,2.17879031801445,2.44481968733738,7.15145045090177,2.77715172373621,-9.72354062041411,-5.30701271492849,3.28199947935703,0.275149922313751,3.81887991603985,"ElasticNet"
8,0.107667772011653,0.1,-0.011,0.027,0.132,1,-7.73028567242485,2.42295193740635,2.17885411097331,2.44499131420904,7.15190336038215,2.77733538670647,-9.72410345996466,-5.30728424681015,3.28230703407239,0.275285221139956,3.81923902980241,"ElasticNet"
9,0.104813733122336,0.1,-0.011,0.026,0.128,1,-7.72992262533656,2.42354767797076,2.17910498362986,2.44566654352864,7.15368535648696,2.77805798332107,-9.72631796750519,-5.30835251546335,3.28351715559622,0.275817566027507,3.82065204710135,"ElasticNet"
10,0.108393342920103,0.2,-0.01,0.036,0.151,1,-7.73369561519664,2.41381997789769,2.16945017102086,2.43550266615983,7.14710439697093,2.76746069180771,-9.71959720169532,-5.30041071979565,3.2706314553868,0.259978042546277,3.80908172966297,"ElasticNet"
11,0.106231168314699,0.2,-0.01,0.034,0.149,1,-7.73335467262479,2.41444963303903,2.1698252879367,2.43619912647,7.1485417053141,2.76820046610392,-9.72135425277352,-5.30135138834933,3.27177401803942,0.26068195326484,3.81034719407391,"ElasticNet"
12,0.104813733122336,0.1,-0.011,0.026,0.128,1,-7.72992262533656,2.42354767797076,2.17910498362986,2.44566654352864,7.15368535648696,2.77805798332107,-9.72631796750519,-5.30835251546335,3.28351715559622,0.275817566027507,3.82065204710135,"ElasticNet"
13,0.106947057980285,0.1,-0.011,0.027,0.131,1,-7.73019401009642,2.42310235619561,2.17891747105167,2.44516180586925,7.15235328640649,2.77751783626403,-9.72466259046793,-5.30755398107374,3.28261256602833,0.275419629176068,3.81959578463781,"ElasticNet"
14,0.105520070721218,0.2,-0.01,0.034,0.148,1,-7.73324252006619,2.41465674789625,2.16994865642859,2.43642821331269,7.14901449584667,2.76844380291912,-9.7219322192905,-5.30166079742482,3.27214986264046,0.260913502447183,3.81076347148456,"ElasticNet"
15,0.108393342920103,0.2,-0.01,0.036,0.151,1,-7.73369561519664,2.41381997789769,2.16945017102086,2.43550266615983,7.14710439697093,2.76746069180771,-9.71959720169532,-5.30041071979565,3.2706314553868,0.259978042546277,3.80908172966297,"ElasticNet"
16,0.109123803436032,0.1,-0.011,0.028,0.133,1,-7.73047082168246,2.42264809351248,2.1787260891811,2.44464691778834,7.1509945385087,2.77696683939167,-9.72297404760801,-5.30673937358467,3.28168988873428,0.27501372689487,3.81851842805661,"ElasticNet"
17,0.104813733122336,0.1,-0.011,0.026,0.128,1,-7.72992262533656,2.42354767797076,2.17910498362986,2.44566654352864,7.15368535648696,2.77805798332107,-9.72631796750519,-5.30835251546335,3.28351715559622,0.275817566027507,3.82065204710135,"ElasticNet"
18,0.104813733122336,0.2,-0.01,0.034,0.147,1,-7.73313110691423,2.41486249272688,2.17007119898844,2.43665578356551,7.14948416446514,2.76868553012822,-9.72250636905195,-5.30196815559766,3.27252322949282,0.261143524461059,3.81117700676302,"ElasticNet"
19,0.108393342920103,0.2,-0.01,0.036,0.151,1,-7.73369561519664,2.41381997789769,2.16945017102086,2.43550266615983,7.14710439697093,2.76746069180771,-9.71959720169532,-5.30041071979565,3.2706314553868,0.259978042546277,3.80908172966297,"ElasticNet"
20,0.106231168314699,0.2,-0.01,0.034,0.149,1,-7.73335467262479,2.41444963303903,2.1698252879367,2.43619912647,7.1485417053141,2.76820046610392,-9.72135425277352,-5.30135138834933,3.27177401803942,0.26068195326484,3.81034719407391,"ElasticNet"
21,0.107667772011653,0.1,-0.011,0.027,0.132,1,-7.73028567242485,2.42295193740635,2.17885411097331,2.44499131420904,7.15190336038215,2.77733538670647,-9.72410345996466,-5.30728424681015,3.28230703407239,0.275285221139956,3.81923902980241,"ElasticNet"
22,0.106947057980285,0.2,-0.01,0.035,0.15,1,-7.73346756942037,2.41424113914315,2.16970108794675,2.43596851304535,7.14806577240653,2.76795550909519,-9.72077244448134,-5.30103991482392,3.27139567950514,0.26044886692959,3.80992815664884,"ElasticNet"
23,0.106231168314699,0.2,-0.01,0.034,0.149,1,-7.73335467262479,2.41444963303903,2.1698252879367,2.43619912647,7.1485417053141,2.76820046610392,-9.72135425277352,-5.30135138834933,3.27177401803942,0.26068195326484,3.81034719407391,"ElasticNet"
24,0.107667772011653,0.2,-0.01,0.035,0.15,1,-7.7335812153138,2.41403125713871,2.16957605085522,2.43573636298231,7.14758667653284,2.76770892123765,-9.720186769235,-5.30072636321371,3.27101483075081,0.260214233393802,3.80950634121454,"ElasticNet"
25,0.107667772011653,0.2,-0.01,0.035,0.15,1,-7.7335812153138,2.41403125713871,2.16957605085522,2.43573636298231,7.14758667653284,2.76770892123765,-9.720186769235,-5.30072636321371,3.27101483075081,0.260214233393802,3.80950634121454,"ElasticNet"
26,0.108393342920103,0.1,-0.011,0.028,0.132,1,-7.73037794163844,2.42280051869694,2.17879031801445,2.44481968733738,7.15145045090177,2.77715172373621,-9.72354062041411,-5.30701271492849,3.28199947935703,0.275149922313751,3.81887991603985,"ElasticNet"
27,0.109123803436032,0.1,-0.011,0.028,0.133,1,-7.73047082168246,2.42264809351248,2.1787260891811,2.44464691778834,7.1509945385087,2.77696683939167,-9.72297404760801,-5.30673937358467,3.28168988873428,0.27501372689487,3.81851842805661,"ElasticNet"
28,0.106947057980285,0.1,-0.011,0.027,0.131,1,-7.73019401009642,2.42310235619561,2.17891747105167,2.44516180586925,7.15235328640649,2.77751783626403,-9.72466259046793,-5.30755398107374,3.28261256602833,0.275419629176068,3.81959578463781,"ElasticNet"
29,0.106947057980285,0.2,-0.01,0.035,0.15,1,-7.73346756942037,2.41424113914315,2.16970108794675,2.43596851304535,7.14806577240653,2.76795550909519,-9.72077244448134,-5.30103991482392,3.27139567950514,0.26044886692959,3.80992815664884,"ElasticNet"
30,0.10411212365527,0.1,-0.011,0.026,0.128,1,-7.72983335158462,2.42369416180243,2.17916664170864,2.4458325680553,7.15412354082816,2.77823565783865,-9.7268625008793,-5.30861517618736,3.28381472636662,0.275948468207642,3.82099951728048,"ElasticNet"
31,0.106947057980285,0.1,-0.011,0.027,0.131,1,-7.73019401009642,2.42310235619561,2.17891747105167,2.44516180586925,7.15235328640649,2.77751783626403,-9.72466259046793,-5.30755398107374,3.28261256602833,0.275419629176068,3.81959578463781,"ElasticNet"
32,0.106947057980285,0.2,-0.01,0.035,0.15,1,-7.73346756942037,2.41424113914315,2.16970108794675,2.43596851304535,7.14806577240653,2.76795550909519,-9.72077244448134,-5.30103991482392,3.27139567950514,0.26044886692959,3.80992815664884,"ElasticNet"
33,0.107667772011653,0.1,-0.011,0.027,0.132,1,-7.73028567242485,2.42295193740635,2.17885411097331,2.44499131420904,7.15190336038215,2.77733538670647,-9.72410345996466,-5.30728424681015,3.28230703407239,0.275285221139956,3.81923902980241,"ElasticNet"
34,0.107667772011653,0.2,-0.01,0.035,0.15,1,-7.7335812153138,2.41403125713871,2.16957605085522,2.43573636298231,7.14758667653284,2.76770892123765,-9.720186769235,-5.30072636321371,3.27101483075081,0.260214233393802,3.80950634121454,"ElasticNet"
35,0.105520070721218,0.2,-0.01,0.034,0.148,1,-7.73324252006619,2.41465674789625,2.16994865642859,2.43642821331269,7.14901449584667,2.76844380291912,-9.7219322192905,-5.30166079742482,3.27214986264046,0.260913502447183,3.81076347148456,"ElasticNet"
36,0.107667772011653,0.1,-0.011,0.027,0.132,1,-7.73028567242485,2.42295193740635,2.17885411097331,2.44499131420904,7.15190336038215,2.77733538670647,-9.72410345996466,-5.30728424681015,3.28230703407239,0.275285221139956,3.81923902980241,"ElasticNet"
37,0.106231168314699,0.2,-0.01,0.034,0.149,1,-7.73335467262479,2.41444963303903,2.1698252879367,2.43619912647,7.1485417053141,2.76820046610392,-9.72135425277352,-5.30135138834933,3.27177401803942,0.26068195326484,3.81034719407391,"ElasticNet"
38,0.106231168314699,0.2,-0.01,0.034,0.149,1,-7.73335467262479,2.41444963303903,2.1698252879367,2.43619912647,7.1485417053141,2.76820046610392,-9.72135425277352,-5.30135138834933,3.27177401803942,0.26068195326484,3.81034719407391,"ElasticNet"
39,0.108393342920103,0.2,-0.01,0.036,0.151,1,-7.73369561519664,2.41381997789769,2.16945017102086,2.43550266615983,7.14710439697093,2.76746069180771,-9.71959720169532,-5.30041071979565,3.2706314553868,0.259978042546277,3.80908172966297,"ElasticNet"
40,0.10411212365527,0.2,-0.01,0.033,0.146,1,-7.73302042836893,2.41506687648554,2.17019292114505,2.43688184715669,7.14995073150101,2.76892565825113,-9.72307672691924,-5.30227347632802,3.27289413467939,0.261372029228077,3.8115878176796,"ElasticNet"
41,0.108393342920103,0.2,-0.01,0.036,0.151,1,-7.73369561519664,2.41381997789769,2.16945017102086,2.43550266615983,7.14710439697093,2.76746069180771,-9.71959720169532,-5.30041071979565,3.2706314553868,0.259978042546277,3.80908172966297,"ElasticNet"
42,0.107667772011653,0.2,-0.01,0.035,0.15,1,-7.7335812153138,2.41403125713871,2.16957605085522,2.43573636298231,7.14758667653284,2.76770892123765,-9.720186769235,-5.30072636321371,3.27101483075081,0.260214233393802,3.80950634121454,"ElasticNet"
43,0.108393342920103,0.2,-0.01,0.036,0.151,1,-7.73369561519664,2.41381997789769,2.16945017102086,2.43550266615983,7.14710439697093,2.76746069180771,-9.71959720169532,-5.30041071979565,3.2706314553868,0.259978042546277,3.80908172966297,"ElasticNet"
44,0.109123803436032,0.2,-0.01,0.036,0.152,1,-7.73381077399133,2.41360729223356,2.16932344276446,2.43526741239175,7.14661891286695,2.76721081001306,-9.71900371636192,-5.30009297075795,3.27024553691999,0.259740284211872,3.80865430377218,"ElasticNet"
45,0.106231168314699,0.2,-0.01,0.034,0.149,1,-7.73335467262479,2.41444963303903,2.1698252879367,2.43619912647,7.1485417053141,2.76820046610392,-9.72135425277352,-5.30135138834933,3.27177401803942,0.26068195326484,3.81034719407391,"ElasticNet"
46,0.109123803436032,0.2,-0.01,0.036,0.152,1,-7.73381077399133,2.41360729223356,2.16932344276446,2.43526741239175,7.14661891286695,2.76721081001306,-9.71900371636192,-5.30009297075795,3.27024553691999,0.259740284211872,3.80865430377218,"ElasticNet"
47,0.108393342920103,0.2,-0.01,0.036,0.151,1,-7.73369561519664,2.41381997789769,2.16945017102086,2.43550266615983,7.14710439697093,2.76746069180771,-9.71959720169532,-5.30041071979565,3.2706314553868,0.259978042546277,3.80908172966297,"ElasticNet"
48,0.109859186510403,0.1,-0.011,0.028,0.134,1,-7.73056431652685,2.4224946552563,2.17866142145806,2.44447299804814,7.15053560362379,2.77678072566047,-9.72240371718537,-5.30646421085843,3.28137824897396,0.274876629044294,3.81815455046409,"ElasticNet"
49,0.105520070721218,0.2,-0.01,0.034,0.148,1,-7.73324252006619,2.41465674789625,2.16994865642859,2.43642821331269,7.14901449584667,2.76844380291912,-9.7219322192905,-5.30166079742482,3.27214986264046,0.260913502447183,3.81076347148456,"ElasticNet"
50,0.110599525316238,0.1,-0.011,0.029,0.135,1,-7.73065843016636,2.42234019728977,2.17859631180885,2.44429792055488,7.15007362654465,2.77659337447915,-9.72182960463161,-5.30618721475282,3.28106454676324,0.274738622886355,3.81778826777808,"ElasticNet"
51,0.10411212365527,0.2,-0.01,0.033,0.146,1,-7.73302042836893,2.41506687648554,2.17019292114505,2.43688184715669,7.14995073150101,2.76892565825113,-9.72307672691924,-5.30227347632802,3.27289413467939,0.261372029228077,3.8115878176796,"ElasticNet"
52,0.105520070721218,0.2,-0.01,0.034,0.148,1,-7.73324252006619,2.41465674789625,2.16994865642859,2.43642821331269,7.14901449584667,2.76844380291912,-9.7219322192905,-5.30166079742482,3.27214986264046,0.260913502447183,3.81076347148456,"ElasticNet"
53,0.106231168314699,0.2,-0.01,0.034,0.149,1,-7.73335467262479,2.41444963303903,2.1698252879367,2.43619912647,7.1485417053141,2.76820046610392,-9.72135425277352,-5.30135138834933,3.27177401803942,0.26068195326484,3.81034719407391,"ElasticNet"
54,0.110599525316238,0.1,-0.011,0.029,0.135,1,-7.73065843016636,2.42234019728977,2.17859631180885,2.44429792055488,7.15007362654465,2.77659337447915,-9.72182960463161,-5.30618721475282,3.28106454676324,0.274738622886355,3.81778826777808,"ElasticNet"
55,0.109859186510403,0.2,-0.01,0.037,0.153,1,-7.73392669665138,2.41339319090093,2.16919586036853,2.43503059142643,7.14613020323453,2.76695926499225,-9.71840628757229,-5.29977310219957,3.26985705875325,0.259500948151128,3.80822404520568,"ElasticNet"
56,0.109123803436032,0.1,-0.011,0.028,0.133,1,-7.73047082168246,2.42264809351248,2.1787260891811,2.44464691778834,7.1509945385087,2.77696683939167,-9.72297404760801,-5.30673937358467,3.28168988873428,0.27501372689487,3.81851842805661,"ElasticNet"
57,0.104813733122336,0.2,-0.01,0.034,0.147,1,-7.73313110691423,2.41486249272688,2.17007119898844,2.43665578356551,7.14948416446514,2.76868553012822,-9.72250636905195,-5.30196815559766,3.27252322949282,0.261143524461059,3.81117700676302,"ElasticNet"
58,0.110599525316238,0.2,-0.01,0.037,0.154,1,-7.73404338816154,2.41317766459519,2.16906741807712,2.43479219294639,7.14563824695394,2.76670604581433,-9.71780488950082,-5.29945110012967,3.26946600418474,0.259260024059896,3.80779093551178,"ElasticNet"
59,0.107667772011653,0.1,-0.011,0.027,0.132,1,-7.73028567242485,2.42295193740635,2.17885411097331,2.44499131420904,7.15190336038215,2.77733538670647,-9.72410345996466,-5.30728424681015,3.28230703407239,0.275285221139956,3.81923902980241,"ElasticNet"
60,0.107667772011653,0.1,-0.011,0.027,0.132,1,-7.73028567242485,2.42295193740635,2.17885411097331,2.44499131420904,7.15190336038215,2.77733538670647,-9.72410345996466,-5.30728424681015,3.28230703407239,0.275285221139956,3.81923902980241,"ElasticNet"
61,0.108393342920103,0.1,-0.011,0.028,0.132,1,-7.73037794163844,2.42280051869694,2.17879031801445,2.44481968733738,7.15145045090177,2.77715172373621,-9.72354062041411,-5.30701271492849,3.28199947935703,0.275149922313751,3.81887991603985,"ElasticNet"
62,0.106231168314699,0.1,-0.011,0.027,0.13,1,-7.73010295073242,2.42325178157815,2.17898040122256,2.44533116973635,7.15280024830964,2.77769908032002,-9.72521803598042,-5.30782192948757,3.28291608829109,0.275553152188442,3.81995019574503,"ElasticNet"
63,0.103415210670522,0.1,-0.011,0.026,0.127,1,-7.72974466535667,2.42383967787107,2.17922788156498,2.44599749399241,7.15455883718361,2.77841215800028,-9.72740344398805,-5.30887609738669,3.28411033890084,0.276078508071339,3.82134470359254,"ElasticNet"
64,0.106231168314699,0.1,-0.011,0.027,0.13,1,-7.73010295073242,2.42325178157815,2.17898040122256,2.44533116973635,7.15280024830964,2.77769908032002,-9.72521803598042,-5.30782192948757,3.28291608829109,0.275553152188442,3.81995019574503,"ElasticNet"
65,0.106947057980285,0.2,-0.01,0.035,0.15,1,-7.73346756942037,2.41424113914315,2.16970108794675,2.43596851304535,7.14806577240653,2.76795550909519,-9.72077244448134,-5.30103991482392,3.27139567950514,0.26044886692959,3.80992815664884,"ElasticNet"
66,0.110599525316238,0.2,-0.01,0.037,0.154,1,-7.73404338816154,2.41317766459519,2.16906741807712,2.43479219294639,7.14563824695394,2.76670604581433,-9.71780488950082,-5.29945110012967,3.26946600418474,0.259260024059896,3.80779093551178,"ElasticNet"
67,0.107667772011653,0.2,-0.01,0.035,0.15,1,-7.7335812153138,2.41403125713871,2.16957605085522,2.43573636298231,7.14758667653284,2.76770892123765,-9.720186769235,-5.30072636321371,3.27101483075081,0.260214233393802,3.80950634121454,"ElasticNet"
68,0.106947057980285,0.2,-0.01,0.035,0.15,1,-7.73346756942037,2.41424113914315,2.16970108794675,2.43596851304535,7.14806577240653,2.76795550909519,-9.72077244448134,-5.30103991482392,3.27139567950514,0.26044886692959,3.80992815664884,"ElasticNet"
69,0.105520070721218,0.2,-0.01,0.034,0.148,1,-7.73324252006619,2.41465674789625,2.16994865642859,2.43642821331269,7.14901449584667,2.76844380291912,-9.7219322192905,-5.30166079742482,3.27214986264046,0.260913502447183,3.81076347148456,"ElasticNet"
70,0.107667772011653,0.2,-0.01,0.035,0.15,1,-7.7335812153138,2.41403125713871,2.16957605085522,2.43573636298231,7.14758667653284,2.76770892123765,-9.720186769235,-5.30072636321371,3.27101483075081,0.260214233393802,3.80950634121454,"ElasticNet"
71,0.107667772011653,0.1,-0.011,0.027,0.132,1,-7.73028567242485,2.42295193740635,2.17885411097331,2.44499131420904,7.15190336038215,2.77733538670647,-9.72410345996466,-5.30728424681015,3.28230703407239,0.275285221139956,3.81923902980241,"ElasticNet"
72,0.10411212365527,0.1,-0.011,0.026,0.128,1,-7.72983335158462,2.42369416180243,2.17916664170864,2.4458325680553,7.15412354082816,2.77823565783865,-9.7268625008793,-5.30861517618736,3.28381472636662,0.275948468207642,3.82099951728048,"ElasticNet"
73,0.109123803436032,0.2,-0.01,0.036,0.152,1,-7.73381077399133,2.41360729223356,2.16932344276446,2.43526741239175,7.14661891286695,2.76721081001306,-9.71900371636192,-5.30009297075795,3.27024553691999,0.259740284211872,3.80865430377218,"ElasticNet"
74,0.104813733122336,0.2,-0.01,0.034,0.147,1,-7.73313110691423,2.41486249272688,2.17007119898844,2.43665578356551,7.14948416446514,2.76868553012822,-9.72250636905195,-5.30196815559766,3.27252322949282,0.261143524461059,3.81117700676302,"ElasticNet"
75,0.108393342920103,0.1,-0.011,0.028,0.132,1,-7.73037794163844,2.42280051869694,2.17879031801445,2.44481968733738,7.15145045090177,2.77715172373621,-9.72354062041411,-5.30701271492849,3.28199947935703,0.275149922313751,3.81887991603985,"ElasticNet"
76,0.106947057980285,0.2,-0.01,0.035,0.15,1,-7.73346756942037,2.41424113914315,2.16970108794675,2.43596851304535,7.14806577240653,2.76795550909519,-9.72077244448134,-5.30103991482392,3.27139567950514,0.26044886692959,3.80992815664884,"ElasticNet"
77,0.106947057980285,0.2,-0.01,0.035,0.15,1,-7.73346756942037,2.41424113914315,2.16970108794675,2.43596851304535,7.14806577240653,2.76795550909519,-9.72077244448134,-5.30103991482392,3.27139567950514,0.26044886692959,3.80992815664884,"ElasticNet"
78,0.109123803436032,0.1,-0.011,0.028,0.133,1,-7.73047082168246,2.42264809351248,2.1787260891811,2.44464691778834,7.1509945385087,2.77696683939167,-9.72297404760801,-5.30673937358467,3.28168988873428,0.27501372689487,3.81851842805661,"ElasticNet"
79,0.104813733122336,0.2,-0.01,0.034,0.147,1,-7.73313110691423,2.41486249272688,2.17007119898844,2.43665578356551,7.14948416446514,2.76868553012822,-9.72250636905195,-5.30196815559766,3.27252322949282,0.261143524461059,3.81117700676302,"ElasticNet"
80,0.109123803436032,0.1,-0.011,0.028,0.133,1,-7.73047082168246,2.42264809351248,2.1787260891811,2.44464691778834,7.1509945385087,2.77696683939167,-9.72297404760801,-5.30673937358467,3.28168988873428,0.27501372689487,3.81851842805661,"ElasticNet"
81,0.105520070721218,0.1,-0.011,0.026,0.129,1,-7.7300124904365,2.42340022002614,2.17904290443814,2.44549941318145,7.15324426530534,2.77787912673534,-9.72576982040767,-5.3080881037447,3.28321761384566,0.275685795907413,3.82030227822905,"ElasticNet"
82,0.108393342920103,0.1,-0.011,0.028,0.132,1,-7.73037794163844,2.42280051869694,2.17879031801445,2.44481968733738,7.15145045090177,2.77715172373621,-9.72354062041411,-5.30701271492849,3.28199947935703,0.275149922313751,3.81887991603985,"ElasticNet"
83,0.107667772011653,0.1,-0.011,0.027,0.132,1,-7.73028567242485,2.42295193740635,2.17885411097331,2.44499131420904,7.15190336038215,2.77733538670647,-9.72410345996466,-5.30728424681015,3.28230703407239,0.275285221139956,3.81923902980241,"ElasticNet"
84,0.107667772011653,0.2,-0.01,0.035,0.15,1,-7.7335812153138,2.41403125713871,2.16957605085522,2.43573636298231,7.14758667653284,2.76770892123765,-9.720186769235,-5.30072636321371,3.27101483075081,0.260214233393802,3.80950634121454,"ElasticNet"
85,0.105520070721218,0.2,-0.01,0.034,0.148,1,-7.73324252006619,2.41465674789625,2.16994865642859,2.43642821331269,7.14901449584667,2.76844380291912,-9.7219322192905,-5.30166079742482,3.27214986264046,0.260913502447183,3.81076347148456,"ElasticNet"
86,0.105520070721218,0.2,-0.01,0.034,0.148,1,-7.73324252006619,2.41465674789625,2.16994865642859,2.43642821331269,7.14901449584667,2.76844380291912,-9.7219322192905,-5.30166079742482,3.27214986264046,0.260913502447183,3.81076347148456,"ElasticNet"
87,0.105520070721218,0.2,-0.01,0.034,0.148,1,-7.73324252006619,2.41465674789625,2.16994865642859,2.43642821331269,7.14901449584667,2.76844380291912,-9.7219322192905,-5.30166079742482,3.27214986264046,0.260913502447183,3.81076347148456,"ElasticNet"
88,0.110599525316238,0.2,-0.01,0.037,0.154,1,-7.73404338816154,2.41317766459519,2.16906741807712,2.43479219294639,7.14563824695394,2.76670604581433,-9.71780488950082,-5.29945110012967,3.26946600418474,0.259260024059896,3.80779093551178,"ElasticNet"
89,0.104813733122336,0.1,-0.011,0.026,0.128,1,-7.72992262533656,2.42354767797076,2.17910498362986,2.44566654352864,7.15368535648696,2.77805798332107,-9.72631796750519,-5.30835251546335,3.28351715559622,0.275817566027507,3.82065204710135,"ElasticNet"
90,0.108393342920103,0.1,-0.011,0.028,0.132,1,-7.73037794163844,2.42280051869694,2.17879031801445,2.44481968733738,7.15145045090177,2.77715172373621,-9.72354062041411,-5.30701271492849,3.28199947935703,0.275149922313751,3.81887991603985,"ElasticNet"
91,0.109123803436032,0.2,-0.01,0.036,0.152,1,-7.73381077399133,2.41360729223356,2.16932344276446,2.43526741239175,7.14661891286695,2.76721081001306,-9.71900371636192,-5.30009297075795,3.27024553691999,0.259740284211872,3.80865430377218,"ElasticNet"
92,0.107667772011653,0.1,-0.011,0.027,0.132,1,-7.73028567242485,2.42295193740635,2.17885411097331,2.44499131420904,7.15190336038215,2.77733538670647,-9.72410345996466,-5.30728424681015,3.28230703407239,0.275285221139956,3.81923902980241,"ElasticNet"
93,0.105520070721218,0.2,-0.01,0.034,0.148,1,-7.73324252006619,2.41465674789625,2.16994865642859,2.43642821331269,7.14901449584667,2.76844380291912,-9.7219322192905,-5.30166079742482,3.27214986264046,0.260913502447183,3.81076347148456,"ElasticNet"
94,0.106947057980285,0.1,-0.011,0.027,0.131,1,-7.73019401009642,2.42310235619561,2.17891747105167,2.44516180586925,7.15235328640649,2.77751783626403,-9.72466259046793,-5.30755398107374,3.28261256602833,0.275419629176068,3.81959578463781,"ElasticNet"
95,0.106231168314699,0.1,-0.011,0.027,0.13,1,-7.73010295073242,2.42325178157815,2.17898040122256,2.44533116973635,7.15280024830964,2.77769908032002,-9.72521803598042,-5.30782192948757,3.28291608829109,0.275553152188442,3.81995019574503,"ElasticNet"
96,0.104813733122336,0.2,-0.01,0.034,0.147,1,-7.73313110691423,2.41486249272688,2.17007119898844,2.43665578356551,7.14948416446514,2.76868553012822,-9.72250636905195,-5.30196815559766,3.27252322949282,0.261143524461059,3.81117700676302,"ElasticNet"
97,0.107667772011653,0.2,-0.01,0.035,0.15,1,-7.7335812153138,2.41403125713871,2.16957605085522,2.43573636298231,7.14758667653284,2.76770892123765,-9.720186769235,-5.30072636321371,3.27101483075081,0.260214233393802,3.80950634121454,"ElasticNet"
98,0.10411212365527,0.2,-0.01,0.033,0.146,1,-7.73302042836893,2.41506687648554,2.17019292114505,2.43688184715669,7.14995073150101,2.76892565825113,-9.72307672691924,-5.30227347632802,3.27289413467939,0.261372029228077,3.8115878176796,"ElasticNet"
99,0.109859186510403,0.2,-0.01,0.037,0.153,1,-7.73392669665138,2.41339319090093,2.16919586036853,2.43503059142643,7.14613020323453,2.76695926499225,-9.71840628757229,-5.29977310219957,3.26985705875325,0.259500948151128,3.80822404520568,"ElasticNet"
100,0.106231168314699,0.2,-0.01,0.034,0.149,1,-7.73335467262479,2.41444963303903,2.1698252879367,2.43619912647,7.1485417053141,2.76820046610392,-9.72135425277352,-5.30135138834933,3.27177401803942,0.26068195326484,3.81034719407391,"ElasticNet"
101,0.109123803436032,0.2,-0.01,0.036,0.152,1,-7.73381077399133,2.41360729223356,2.16932344276446,2.43526741239175,7.14661891286695,2.76721081001306,-9.71900371636192,-5.30009297075795,3.27024553691999,0.259740284211872,3.80865430377218,"ElasticNet"
102,0.106231168314699,0.2,-0.01,0.034,0.149,1,-7.73335467262479,2.41444963303903,2.1698252879367,2.43619912647,7.1485417053141,2.76820046610392,-9.72135425277352,-5.30135138834933,3.27177401803942,0.26068195326484,3.81034719407391,"ElasticNet"
103,0.106231168314699,0.1,-0.011,0.027,0.13,1,-7.73010295073242,2.42325178157815,2.17898040122256,2.44533116973635,7.15280024830964,2.77769908032002,-9.72521803598042,-5.30782192948757,3.28291608829109,0.275553152188442,3.81995019574503,"ElasticNet"
104,0.103415210670522,0.2,-0.01,0.033,0.145,1,-7.73291047966047,2.41526990806978,2.17031382839025,2.43710641395093,7.1504142171571,2.76916419774073,-9.72364331759632,-5.3025767729895,3.27326259418202,0.261599026607391,3.81199592189331,"ElasticNet"
105,0.105520070721218,0.1,-0.011,0.026,0.129,1,-7.7300124904365,2.42340022002614,2.17904290443814,2.44549941318145,7.15324426530534,2.77787912673534,-9.72576982040767,-5.3080881037447,3.28321761384566,0.275685795907413,3.82030227822905,"ElasticNet"
106,0.104813733122336,0.2,-0.01,0.034,0.147,1,-7.73313110691423,2.41486249272688,2.17007119898844,2.43665578356551,7.14948416446514,2.76868553012822,-9.72250636905195,-5.30196815559766,3.27252322949282,0.261143524461059,3.81117700676302,"ElasticNet"
107,0.106231168314699,0.2,-0.01,0.034,0.149,1,-7.73335467262479,2.41444963303903,2.1698252879367,2.43619912647,7.1485417053141,2.76820046610392,-9.72135425277352,-5.30135138834933,3.27177401803942,0.26068195326484,3.81034719407391,"ElasticNet"
108,0.106231168314699,0.1,-0.011,0.027,0.13,1,-7.73010295073242,2.42325178157815,2.17898040122256,2.44533116973635,7.15280024830964,2.77769908032002,-9.72521803598042,-5.30782192948757,3.28291608829109,0.275553152188442,3.81995019574503,"ElasticNet"
109,0.106947057980285,0.1,-0.011,0.027,0.131,1,-7.73019401009642,2.42310235619561,2.17891747105167,2.44516180586925,7.15235328640649,2.77751783626403,-9.72466259046793,-5.30755398107374,3.28261256602833,0.275419629176068,3.81959578463781,"ElasticNet"
110,0.107667772011653,0.1,-0.011,0.027,0.132,1,-7.73028567242485,2.42295193740635,2.17885411097331,2.44499131420904,7.15190336038215,2.77733538670647,-9.72410345996466,-5.30728424681015,3.28230703407239,0.275285221139956,3.81923902980241,"ElasticNet"
111,0.106231168314699,0.2,-0.01,0.034,0.149,1,-7.73335467262479,2.41444963303903,2.1698252879367,2.43619912647,7.1485417053141,2.76820046610392,-9.72135425277352,-5.30135138834933,3.27177401803942,0.26068195326484,3.81034719407391,"ElasticNet"
112,0.110599525316238,0.2,-0.01,0.037,0.154,1,-7.73404338816154,2.41317766459519,2.16906741807712,2.43479219294639,7.14563824695394,2.76670604581433,-9.71780488950082,-5.29945110012967,3.26946600418474,0.259260024059896,3.80779093551178,"ElasticNet"
113,0.106231168314699,0.2,-0.01,0.034,0.149,1,-7.73335467262479,2.41444963303903,2.1698252879367,2.43619912647,7.1485417053141,2.76820046610392,-9.72135425277352,-5.30135138834933,3.27177401803942,0.26068195326484,3.81034719407391,"ElasticNet"
114,0.109123803436032,0.2,-0.01,0.036,0.152,1,-7.73381077399133,2.41360729223356,2.16932344276446,2.43526741239175,7.14661891286695,2.76721081001306,-9.71900371636192,-5.30009297075795,3.27024553691999,0.259740284211872,3.80865430377218,"ElasticNet"
115,0.105520070721218,0.1,-0.011,0.026,0.129,1,-7.7300124904365,2.42340022002614,2.17904290443814,2.44549941318145,7.15324426530534,2.77787912673534,-9.72576982040767,-5.3080881037447,3.28321761384566,0.275685795907413,3.82030227822905,"ElasticNet"
116,0.104813733122336,0.2,-0.01,0.034,0.147,1,-7.73313110691423,2.41486249272688,2.17007119898844,2.43665578356551,7.14948416446514,2.76868553012822,-9.72250636905195,-5.30196815559766,3.27252322949282,0.261143524461059,3.81117700676302,"ElasticNet"
117,0.105520070721218,0.1,-0.011,0.026,0.129,1,-7.7300124904365,2.42340022002614,2.17904290443814,2.44549941318145,7.15324426530534,2.77787912673534,-9.72576982040767,-5.3080881037447,3.28321761384566,0.275685795907413,3.82030227822905,"ElasticNet"
118,0.108393342920103,0.2,-0.01,0.036,0.151,1,-7.73369561519664,2.41381997789769,2.16945017102086,2.43550266615983,7.14710439697093,2.76746069180771,-9.71959720169532,-5.30041071979565,3.2706314553868,0.259978042546277,3.80908172966297,"ElasticNet"
119,0.106231168314699,0.2,-0.01,0.034,0.149,1,-7.73335467262479,2.41444963303903,2.1698252879367,2.43619912647,7.1485417053141,2.76820046610392,-9.72135425277352,-5.30135138834933,3.27177401803942,0.26068195326484,3.81034719407391,"ElasticNet"
120,0.10411212365527,0.1,-0.011,0.026,0.128,1,-7.72983335158462,2.42369416180243,2.17916664170864,2.4458325680553,7.15412354082816,2.77823565783865,-9.7268625008793,-5.30861517618736,3.28381472636662,0.275948468207642,3.82099951728048,"ElasticNet"
